customer_id,customer_name,email,phone
1,Micheal Young,luis81@example.org,(236) 231-6658
2,Antonio Wall,lstein@example.net,(096) 705-4668
3,Kimberly Morrison,tracynelson@example.com,(065) 627-2980
4,Leslie Alvarado,dayderek@example.com,(204) 653-7556
5,Trevor Fisher,ruizkaitlyn@example.org,(531) 003-3092
6,John Wilson,stevenscott@example.com,(299) 124-1904
7,Susan Brooks,charlesvaughn@example.net,(314) 919-0586
8,Andrea Holland,atkinsonlynn@example.org,(657) 262-8498
9,Julie Petersen,marcus31@example.com,(737) 996-5075
10,Daniel Salinas,joshua94@example.net,(083) 136-7837
11,Katherine Mcguire,phillipsrichard@example.org,(495) 788-5685
12,Jesse Parker,davidlee@example.org,(823) 374-9894
13,Dr. Elizabeth Ward,alexis82@example.com,(008) 427-1094
14,Jeremiah Lopez,kingmichelle@example.org,(167) 190-2294
15,David Grant,yobrien@example.net,(386) 774-9649
16,Lisa Singh,colleenbaker@example.org,(232) 812-0679
17,Andrew Roberts,jacqueline71@example.net,(349) 361-8324
18,Andrea Martin,brooke94@example.com,(174) 648-8771
19,Stacy Navarro,anthony39@example.net,(049) 027-8742
20,Jessica Olsen DVM,vbailey@example.com,(125) 674-6807
21,David Wilson,ahancock@example.net,(876) 038-5977
22,Christina Dunn,samuel71@example.org,(932) 480-8613
23,Susan Murray MD,tyronemoran@example.net,(467) 737-8263
24,Katie Suarez,hillkristy@example.com,(584) 044-9972
25,John Cook,ugibson@example.org,(396) 360-5766
26,Rebecca Pearson MD,martineztammy@example.com,(171) 870-2621
27,Wayne Morgan,vsantos@example.net,(865) 780-9134
28,Nicole Hamilton MD,wallaceheather@example.org,(050) 455-6238
29,Michael White,christianpitts@example.net,(379) 237-4740
30,Julie Roberts,charleslandry@example.net,(464) 743-6713
31,Ian Phillips,andrew64@example.org,(909) 743-9533
32,Megan Le,courtneyberger@example.net,(047) 095-2145
33,Casey Anderson,alyssa42@example.com,(745) 171-2368
34,Richard Smith,gibsonemily@example.net,(496) 513-7098
35,Leonard Holland,tblankenship@example.net,(612) 004-7113
36,Brandy Chavez,umatthews@example.org,(617) 964-0537
37,David Cox,amy50@example.com,(431) 713-9005
38,Cameron Cunningham,gallegosangela@example.net,(335) 290-4228
39,Christopher Guerrero,andersonmichael@example.org,(950) 240-2681
40,Karen Strickland,hayesjeffrey@example.net,(084) 700-7661
41,Theodore Jones Jr.,cameronhill@example.net,(985) 698-4789
42,Ricky Wilson,russellbeasley@example.com,(576) 615-6545
43,Melissa Wells,deckerchristopher@example.org,(528) 098-8516
44,Maurice Christensen,schmittcaroline@example.com,(198) 327-3158
45,Phillip Andrews,xbruce@example.net,(980) 940-2445
46,Christopher Thomas,vjones@example.net,(018) 366-7525
47,Frederick Pugh,wareeric@example.net,(014) 767-9764
48,Jose Reed,campbellerika@example.com,(840) 369-0034
49,Pamela Duran,mark07@example.net,(622) 683-8851
50,Patrick Graham,umorse@example.net,(696) 641-6052
51,Lisa Collier,christopher13@example.com,(968) 164-5352
52,Mark Schmidt,rebeccabailey@example.net,(231) 243-2921
53,Raymond Snyder,kmaldonado@example.net,(955) 271-7744
54,Heather Jones,dhayes@example.com,(411) 998-6798
55,Nancy Williams,marcalvarez@example.org,(071) 518-2037
56,Kelly Bishop MD,paul59@example.org,(515) 186-4492
57,Kevin Thomas,kyle62@example.net,(148) 652-8168
58,Jack White,matthewmiranda@example.org,(322) 141-8880
59,Sherri Williamson,lmoore@example.net,(927) 065-3794
60,Rachel Young,kylestokes@example.com,(359) 774-6886
61,Ruth Solis,moniquewilliams@example.com,(581) 814-1247
62,Brittany Kim,lisawilkerson@example.org,(606) 853-6153
63,Timothy Combs,lacey20@example.com,(727) 790-1043
64,Kimberly Acosta,srodriguez@example.org,(410) 369-7117
65,Alexis Robertson,jennifercarter@example.org,(953) 962-1851
66,Kimberly Hartman,myerstheodore@example.net,(654) 051-5319
67,Evelyn Williams,lisa27@example.net,(722) 170-4303
68,Emily Collins,ihays@example.com,(403) 450-5415
69,James Gonzales,lmorgan@example.com,(758) 416-1692
70,Erica Miller,kirk96@example.org,(757) 059-6401
71,Jennifer Palmer,stephaniethomas@example.net,(702) 135-5690
72,Meghan Rush,scott19@example.org,(856) 543-1027
73,Susan Wilson,jane39@example.com,(731) 217-2715
74,Michelle Pierce,patricia22@example.com,(831) 323-7058
75,Julie Bird,cherylmiller@example.com,(678) 669-1251
76,Michael Cooper,katrinaanderson@example.net,(018) 242-2535
77,Kelly Campbell,kingcynthia@example.net,(424) 981-8299
78,Matthew Le,megan90@example.org,(109) 439-6907
79,Kimberly May,timothy64@example.com,(102) 767-7359
80,Scott Flores,theresa25@example.net,(815) 371-4732
81,Dylan Cruz,kwright@example.com,(953) 278-7747
82,Tony Wagner,jasongomez@example.org,(479) 748-0162
83,Monica Gallagher,brandon09@example.net,(358) 416-8784
84,Lisa Carr,theresalong@example.com,(852) 398-6800
85,Micheal Brock,ghernandez@example.org,(595) 269-4958
86,Kim Erickson,thomas05@example.com,(169) 409-7499
87,Anthony Castillo,rhernandez@example.org,(091) 307-5626
88,Jennifer Hampton,vsalas@example.net,(028) 385-7865
89,Julia Patel,erica49@example.com,(334) 843-4437
90,Gregory Peck,keith98@example.com,(652) 404-1574
91,Cindy Clayton,sarah42@example.org,(993) 308-3301
92,Mitchell Garcia,adampierce@example.org,(677) 345-4019
93,Parker Jefferson,gentrygregory@example.org,(067) 240-0499
94,William Mitchell,ismall@example.net,(743) 152-7420
95,Rachel Bradley,gregorychase@example.com,(685) 161-2275
96,Adriana Reyes,vmolina@example.com,(990) 453-0174
97,Michael Leblanc,hannah45@example.net,(332) 727-9568
98,Nicole Pham,kathleenbecker@example.net,(187) 851-9108
99,Christina Herrera,markmeyer@example.org,(397) 187-0728
100,Justin Hansen,jennifer64@example.org,(391) 065-1801
