supplier_id,company_name,email,phone
1,Andersen Beverage Distributors,ajohnson@mack.biz,(567) 661-8251
2,White Produce Distributors,urice@davenport.com,(786) 863-3752
3,Hill Dairy Cooperative,johnsondonna@miranda.com,(119) 079-0306
4,Gonzales Produce Distributors,karenparsons@gordon.com,(959) 953-4283
5,Gutierrez Seafood Imports,bruce92@shelton.com,(685) 662-4628
6,Wells Wholesale Grocers,kevinzimmerman@melendez-hart.biz,(882) 634-3517
7,Boone Farms,nicholsmaria@adams.org,(901) 398-3735
8,Turner Beverage Distributors,lewisjames@wilson.com,(936) 385-4678
9,Wong Seafood Imports,jose87@garcia-zavala.info,(535) 560-9320
10,Green Seafood Imports,mphillips@hall-hudson.com,(785) 477-7252
11,Taylor Farms,iwhite@bernard.com,(006) 231-2038
12,Bryant Foods,williamsonelizabeth@durham.net,(860) 084-8408
13,Li Beverage Distributors,ldrake@hull.com,(339) 845-4615
14,Chung Produce Distributors,scunningham@evans.com,(166) 687-0021
15,Porter Dairy Cooperative,vnewman@madden.com,(339) 740-1489
16,Barrett Produce Distributors,sarahedwards@matthews.biz,(142) 939-6856
17,Campos Farms,krystalnorris@mason.com,(163) 159-9965
18,Johnson Bakery Supply,kristen77@kelly.biz,(296) 194-3114
19,Moore Beverage Distributors,jodistewart@davis.info,(541) 212-6788
20,Hunt Meat Packing Co.,johnsonmichael@carlson.biz,(046) 618-3982
