transaction_item_id,quantity,unit_price,line_total,transaction_id,product_id
1,4,9.77,39.08,1,44
2,3,18.53,55.59,1,49
3,3,18.96,56.88,1,47
4,1,8.15,8.15,1,50
5,4,24.92,99.68,1,43
6,1,3.24,3.24,1,60
7,2,8.37,16.74,1,54
8,2,7.11,14.22,1,9
9,4,17.1,68.4,1,41
10,3,19.22,57.66,1,7
11,1,8.6,8.6,1,52
12,4,14.51,58.04,1,42
13,1,19.17,19.17,1,3
14,3,9.66,28.98,1,20
15,1,8.05,8.05,1,29
16,4,6.59,26.36,1,48
17,3,16.68,50.04,1,38
18,3,18.12,54.36,1,24
19,4,7.95,31.8,1,53
20,3,6.77,20.31,1,6
21,1,20.43,20.43,1,19
22,2,3.12,6.24,1,21
23,4,12.42,49.68,1,27
24,1,15.74,15.74,1,12
25,3,24.17,72.51,1,13
26,2,20.82,41.64,1,59
27,1,8.18,8.18,1,56
28,4,12.96,51.84,1,33
29,3,17.88,53.64,1,18
30,4,3.91,15.64,1,55
31,1,9.51,9.51,1,57
32,2,14.56,29.12,1,35
33,1,17.2,17.2,1,31
34,3,23.62,70.86,2,16
35,1,9.51,9.51,2,57
36,3,14.56,43.68,2,35
37,3,7.11,21.33,2,9
38,1,18.74,18.74,2,25
39,4,19.14,76.56,2,30
40,3,18.12,54.36,2,24
41,2,24.92,49.84,2,43
42,1,6.59,6.59,2,48
43,4,8.71,34.84,2,45
44,1,23.61,23.61,2,58
45,2,12.42,24.84,2,27
46,1,16.68,16.68,2,38
47,1,18.96,18.96,2,47
48,3,14.75,44.25,2,10
49,2,18.53,37.06,2,49
50,2,14.51,29.02,2,42
51,2,19.22,38.44,2,7
52,1,13.12,13.12,2,32
53,2,6.71,13.42,2,40
54,2,8.46,16.92,2,51
55,2,17.88,35.76,2,18
56,3,19.17,57.51,2,3
57,2,8.37,16.74,2,54
58,1,2.1,2.1,2,14
59,3,8.05,24.15,2,29
60,2,8.15,16.3,2,50
61,2,3.24,6.48,2,60
62,2,7.11,14.22,3,9
63,1,6.47,6.47,3,1
64,3,11.69,35.07,3,23
65,4,8.46,33.84,3,51
66,1,9.51,9.51,3,57
67,1,23.62,23.62,3,16
68,4,16.68,66.72,3,38
69,4,3.12,12.48,3,21
70,4,19.39,77.56,3,2
71,1,15.74,15.74,3,12
72,4,15.41,61.64,3,17
73,4,21.12,84.48,3,4
74,1,3.24,3.24,3,60
75,1,12.42,12.42,3,27
76,3,9.5,28.5,3,34
77,2,21.22,42.44,3,8
78,1,19.1,19.1,3,5
79,2,17.2,34.4,3,31
80,3,8.05,24.15,3,29
81,3,18.12,54.36,3,24
82,4,12.96,51.84,3,33
83,3,8.37,25.11,3,54
84,4,19.22,76.88,3,7
85,4,14.51,58.04,3,42
86,1,6.71,6.71,3,40
87,2,8.18,16.36,4,56
88,4,2.1,8.4,4,14
89,2,9.07,18.14,4,28
90,1,8.05,8.05,4,29
91,3,17.42,52.26,4,15
92,3,12.42,37.26,4,27
93,1,21.47,21.47,4,22
94,3,7.95,23.85,4,53
95,2,19.14,38.28,4,30
96,4,20.49,81.96,4,26
97,1,3.91,3.91,4,55
98,3,18.96,56.88,4,47
99,1,19.22,19.22,4,7
100,2,3.12,6.24,4,21
101,3,23.61,70.83,4,58
102,3,18.53,55.59,4,49
103,3,24.92,74.76,4,43
104,3,15.41,46.23,4,17
105,1,18.12,18.12,4,24
106,2,14.75,29.5,4,10
107,2,17.2,34.4,4,31
108,4,19.1,76.4,4,5
109,1,6.77,6.77,4,6
110,2,16.68,33.36,4,38
111,1,14.55,14.55,4,37
112,1,18.45,18.45,4,46
113,2,6.59,13.18,4,48
114,4,14.51,58.04,4,42
115,4,7.11,28.44,4,9
116,4,17.88,71.52,4,18
117,3,19.39,58.17,4,2
118,2,20.43,40.86,4,19
119,3,6.71,20.13,4,40
120,3,14.56,43.68,4,35
121,3,17.94,53.82,4,11
122,1,8.37,8.37,4,54
123,1,21.12,21.12,4,4
124,2,20.82,41.64,4,59
125,2,15.74,31.48,4,12
126,1,11.69,11.69,4,23
127,1,8.6,8.6,4,52
128,3,17.1,51.3,4,41
129,4,9.51,38.04,4,57
130,4,18.74,74.96,4,25
131,4,12.96,51.84,4,33
132,4,8.15,32.6,4,50
133,4,13.12,52.48,4,32
134,3,23.62,70.86,4,16
135,2,20.43,40.86,5,19
136,3,9.77,29.31,5,44
137,1,20.82,20.82,5,59
138,4,16.68,66.72,5,38
139,1,13.12,13.12,5,32
140,4,9.5,38.0,5,34
141,1,24.92,24.92,5,43
142,4,9.66,38.64,5,20
143,1,19.17,19.17,5,3
144,3,17.42,52.26,5,15
145,4,20.49,81.96,5,26
146,4,20.13,80.52,5,39
147,4,21.12,84.48,5,4
148,3,6.47,19.41,5,1
149,1,2.1,2.1,5,14
150,4,7.95,31.8,5,53
151,1,18.45,18.45,5,46
152,3,7.11,21.33,5,9
153,2,15.41,30.82,5,17
154,4,3.24,12.96,5,60
155,3,3.12,9.36,5,21
156,1,21.22,21.22,5,8
157,4,18.96,75.84,5,47
158,1,8.18,8.18,5,56
159,2,9.07,18.14,5,28
160,4,15.74,62.96,5,12
161,4,8.37,33.48,5,54
162,1,18.74,18.74,5,25
163,1,17.94,17.94,6,11
164,1,19.1,19.1,6,5
165,4,12.96,51.84,6,33
166,4,17.1,68.4,6,41
167,1,21.22,21.22,6,8
168,4,9.5,38.0,6,34
169,2,23.61,47.22,6,58
170,3,24.17,72.51,6,13
171,4,8.15,32.6,6,50
172,2,11.69,23.38,6,23
173,1,8.46,8.46,6,51
174,4,18.96,75.84,6,47
175,1,14.51,14.51,6,42
176,3,14.75,44.25,6,10
177,1,23.62,23.62,6,16
178,2,19.22,38.44,6,7
179,1,18.53,18.53,6,49
180,2,15.41,30.82,6,17
181,4,7.95,31.8,6,53
182,4,15.74,62.96,6,12
183,2,20.13,40.26,6,39
184,3,9.77,29.31,6,44
185,3,20.82,62.46,6,59
186,3,9.51,28.53,6,57
187,4,13.12,52.48,6,32
188,4,19.14,76.56,6,30
189,3,8.05,24.15,6,29
190,1,3.12,3.12,6,21
191,3,8.37,25.11,6,54
192,1,16.68,16.68,6,38
193,3,17.42,52.26,6,15
194,1,19.17,19.17,6,3
195,4,18.45,73.8,6,46
196,3,14.56,43.68,6,35
197,3,3.51,10.53,6,36
198,2,6.71,13.42,6,40
199,3,7.11,21.33,6,9
200,1,20.43,20.43,6,19
201,2,19.39,38.78,6,2
202,3,14.55,43.65,6,37
203,3,24.92,74.76,6,43
204,4,3.91,15.64,6,55
205,2,18.74,37.48,6,25
206,1,12.42,12.42,6,27
207,3,9.66,28.98,6,20
208,4,6.47,25.88,6,1
209,3,9.07,27.21,6,28
210,2,6.77,13.54,6,6
211,1,17.2,17.2,6,31
212,2,2.1,4.2,7,14
213,4,21.47,85.88,7,22
214,3,8.15,24.45,7,50
215,4,13.12,52.48,7,32
216,2,24.17,48.34,7,13
217,2,17.42,34.84,7,15
218,3,7.11,21.33,7,9
219,4,14.75,59.0,7,10
220,2,19.1,38.2,7,5
221,3,20.43,61.29,7,19
222,4,19.22,76.88,7,7
223,4,12.96,51.84,7,33
224,3,14.56,43.68,7,35
225,4,9.5,38.0,7,34
226,4,19.17,76.68,7,3
227,2,24.92,49.84,7,43
228,2,20.82,41.64,7,59
229,2,6.71,13.42,7,40
230,3,8.37,25.11,7,54
231,1,20.13,20.13,7,39
232,4,18.74,74.96,7,25
233,3,7.95,23.85,7,53
234,1,17.94,17.94,7,11
235,1,15.74,15.74,7,12
236,3,16.68,50.04,7,38
237,1,8.05,8.05,7,29
238,2,18.45,36.9,7,46
239,3,12.42,37.26,7,27
240,4,18.12,72.48,7,24
241,2,9.77,19.54,7,44
242,3,9.51,28.53,8,57
243,2,11.69,23.38,8,23
244,3,19.39,58.17,8,2
245,1,12.42,12.42,8,27
246,1,21.12,21.12,8,4
247,2,20.49,40.98,8,26
248,4,12.96,51.84,8,33
249,4,18.12,72.48,8,24
250,1,23.62,23.62,8,16
251,1,18.74,18.74,8,25
252,4,6.77,27.08,8,6
253,1,7.95,7.95,8,53
254,2,17.42,34.84,8,15
255,2,23.61,47.22,8,58
256,3,3.12,9.36,8,21
257,4,19.22,76.88,8,7
258,1,14.51,14.51,8,42
259,3,21.47,64.41,8,22
260,2,14.75,29.5,8,10
261,4,7.11,28.44,8,9
262,2,19.17,38.34,8,3
263,1,20.43,20.43,8,19
264,3,17.2,51.6,8,31
265,1,17.1,17.1,8,41
266,1,16.68,16.68,8,38
267,4,8.05,32.2,8,29
268,4,6.47,25.88,8,1
269,1,8.15,8.15,8,50
270,4,18.96,75.84,8,47
271,3,14.55,43.65,8,37
272,3,8.71,26.13,8,45
273,1,3.24,3.24,8,60
274,3,19.1,57.3,8,5
275,1,17.88,17.88,8,18
276,3,18.53,55.59,8,49
277,2,9.66,19.32,8,20
278,1,15.41,15.41,8,17
279,3,2.1,6.3,8,14
280,2,8.18,16.36,8,56
281,3,9.77,29.31,9,44
282,1,19.14,19.14,9,30
283,4,8.71,34.84,9,45
284,1,17.2,17.2,9,31
285,4,17.1,68.4,9,41
286,2,15.74,31.48,9,12
287,3,8.6,25.8,9,52
288,3,7.11,21.33,9,9
289,1,19.1,19.1,9,5
290,1,18.45,18.45,9,46
291,3,8.15,24.45,9,50
292,3,20.82,62.46,9,59
293,3,19.17,57.51,9,3
294,4,20.43,81.72,9,19
295,4,24.17,96.68,9,13
296,2,6.59,13.18,9,48
297,4,8.46,33.84,9,51
298,3,23.61,70.83,9,58
299,4,3.12,12.48,9,21
300,1,9.66,9.66,9,20
301,3,12.96,38.88,9,33
302,4,20.49,81.96,9,26
303,3,14.56,43.68,9,35
304,1,9.51,9.51,9,57
305,1,15.41,15.41,9,17
306,4,24.92,99.68,9,43
307,3,3.24,9.72,9,60
308,2,18.96,37.92,9,47
309,1,11.69,11.69,9,23
310,2,9.07,18.14,9,28
311,4,18.74,74.96,9,25
312,1,19.39,19.39,9,2
313,2,14.55,29.1,9,37
314,1,14.51,14.51,9,42
315,2,17.94,35.88,9,11
316,3,7.95,23.85,9,53
317,3,21.12,63.36,9,4
318,4,3.91,15.64,9,55
319,1,2.1,2.1,9,14
320,2,9.5,19.0,9,34
321,4,17.42,69.68,9,15
322,3,12.42,37.26,9,27
323,3,20.13,60.39,9,39
324,4,6.77,27.08,9,6
325,1,23.62,23.62,9,16
326,2,13.12,26.24,9,32
327,3,21.22,63.66,9,8
328,4,3.51,14.04,9,36
329,3,18.53,55.59,9,49
330,3,15.74,47.22,10,12
331,4,13.12,52.48,10,32
332,2,9.5,19.0,10,34
333,1,18.74,18.74,10,25
334,1,3.51,3.51,10,36
335,3,21.22,63.66,10,8
336,4,15.41,61.64,10,17
337,4,8.15,32.6,10,50
338,4,8.37,33.48,10,54
339,4,18.45,73.8,10,46
340,1,8.05,8.05,10,29
341,2,2.1,4.2,10,14
342,3,6.71,20.13,10,40
343,1,20.43,20.43,10,19
344,4,8.71,34.84,10,45
345,4,20.82,83.28,10,59
346,3,24.17,72.51,10,13
347,2,3.91,7.82,10,55
348,2,7.11,14.22,10,9
349,2,19.1,38.2,10,5
350,4,7.95,31.8,10,53
351,1,3.24,3.24,10,60
352,1,6.59,6.59,10,48
353,2,6.77,13.54,10,6
354,3,3.12,9.36,10,21
355,2,11.69,23.38,10,23
356,2,17.1,34.2,10,41
357,3,18.96,56.88,10,47
358,2,9.66,19.32,10,20
359,3,9.07,27.21,10,28
360,3,14.55,43.65,10,37
361,1,14.56,14.56,10,35
362,3,16.68,50.04,10,38
363,2,17.2,34.4,10,31
364,3,8.18,24.54,10,56
365,2,19.14,38.28,10,30
366,3,20.13,60.39,10,39
367,1,8.6,8.6,10,52
368,2,24.92,49.84,10,43
369,2,21.12,42.24,10,4
370,2,19.22,38.44,10,7
371,3,23.61,70.83,10,58
372,1,21.47,21.47,10,22
373,1,23.62,23.62,10,16
374,1,6.47,6.47,10,1
375,1,9.51,9.51,10,57
376,3,14.51,43.53,10,42
377,2,14.75,29.5,10,10
378,2,14.56,29.12,11,35
379,2,20.43,40.86,11,19
380,3,14.51,43.53,11,42
381,3,9.66,28.98,11,20
382,2,17.2,34.4,11,31
383,2,23.62,47.24,11,16
384,4,8.6,34.4,11,52
385,4,8.37,33.48,11,54
386,4,9.77,39.08,11,44
387,3,20.49,61.47,11,26
388,4,9.51,38.04,11,57
389,1,19.14,19.14,11,30
390,1,19.1,19.1,11,5
391,4,8.71,34.84,11,45
392,4,21.12,84.48,11,4
393,2,17.94,35.88,11,11
394,2,8.05,16.1,11,29
395,3,12.42,37.26,11,27
396,1,8.18,8.18,11,56
397,1,18.53,18.53,11,49
398,3,2.1,6.3,11,14
399,4,21.47,85.88,11,22
400,4,14.75,59.0,11,10
401,3,3.12,9.36,11,21
402,1,14.55,14.55,11,37
403,1,11.69,11.69,11,23
404,4,8.46,33.84,11,51
405,2,7.11,14.22,11,9
406,3,18.12,54.36,11,24
407,3,15.41,46.23,11,17
408,4,17.88,71.52,11,18
409,3,18.45,55.35,11,46
410,1,18.96,18.96,11,47
411,4,21.22,84.88,11,8
412,1,17.42,17.42,11,15
413,2,7.95,15.9,11,53
414,3,12.96,38.88,11,33
415,3,9.5,28.5,11,34
416,1,24.92,24.92,11,43
417,4,6.59,26.36,11,48
418,4,18.74,74.96,11,25
419,3,19.39,58.17,11,2
420,1,16.68,16.68,11,38
421,2,24.17,48.34,11,13
422,1,6.71,6.71,11,40
423,3,18.53,55.59,12,49
424,1,14.75,14.75,12,10
425,4,24.17,96.68,12,13
426,3,20.13,60.39,12,39
427,1,12.96,12.96,12,33
428,4,20.49,81.96,12,26
429,3,8.18,24.54,12,56
430,2,19.17,38.34,12,3
431,1,7.95,7.95,12,53
432,4,8.6,34.4,12,52
433,2,7.11,14.22,12,9
434,4,18.45,73.8,12,46
435,2,21.47,42.94,12,22
436,2,17.2,34.4,12,31
437,1,9.5,9.5,12,34
438,1,19.14,19.14,12,30
439,2,20.82,41.64,12,59
440,1,9.51,9.51,12,57
441,4,8.37,33.48,12,54
442,3,8.15,24.45,12,50
443,4,3.12,12.48,12,21
444,2,6.71,13.42,12,40
445,4,17.94,71.76,12,11
446,2,3.91,7.82,12,55
447,4,9.66,38.64,12,20
448,4,6.59,26.36,12,48
449,1,14.51,14.51,12,42
450,2,3.24,6.48,12,60
451,2,13.12,26.24,12,32
452,3,11.69,35.07,12,23
453,4,20.43,81.72,12,19
454,4,9.77,39.08,12,44
455,3,23.62,70.86,12,16
456,2,12.42,24.84,12,27
457,4,6.47,25.88,12,1
458,3,15.74,47.22,12,12
459,1,8.6,8.6,13,52
460,2,8.71,17.42,13,45
461,2,15.41,30.82,13,17
462,1,6.71,6.71,13,40
463,2,17.2,34.4,13,31
464,2,24.17,48.34,13,13
465,1,23.62,23.62,13,16
466,1,17.88,17.88,13,18
467,4,3.51,14.04,13,36
468,3,9.66,28.98,13,20
469,4,17.42,69.68,13,15
470,1,8.46,8.46,13,51
471,2,20.43,40.86,13,19
472,1,18.45,18.45,13,46
473,2,2.1,4.2,13,14
474,4,20.82,83.28,13,59
475,4,13.12,52.48,13,32
476,4,3.12,12.48,13,21
477,2,8.18,16.36,13,56
478,3,11.69,35.07,13,23
479,3,3.24,9.72,13,60
480,3,7.95,23.85,13,53
481,1,6.59,6.59,13,48
482,1,21.22,21.22,13,8
483,2,14.56,29.12,13,35
484,1,18.74,18.74,13,25
485,2,20.49,40.98,13,26
486,4,17.1,68.4,13,41
487,2,14.75,29.5,13,10
488,1,9.77,9.77,13,44
489,4,19.39,77.56,13,2
490,4,14.51,58.04,13,42
491,2,12.96,25.92,13,33
492,3,19.17,57.51,13,3
493,1,15.74,15.74,13,12
494,1,8.15,8.15,13,50
495,3,24.92,74.76,13,43
496,1,7.11,7.11,13,9
497,3,8.37,25.11,13,54
498,3,19.22,57.66,13,7
499,4,18.12,72.48,13,24
500,4,20.13,80.52,13,39
501,2,9.07,18.14,13,28
502,4,16.68,66.72,13,38
503,3,19.1,57.3,13,5
504,3,15.41,46.23,14,17
505,2,18.45,36.9,14,46
506,4,15.74,62.96,14,12
507,3,6.47,19.41,14,1
508,1,6.59,6.59,14,48
509,3,21.47,64.41,14,22
510,3,8.46,25.38,14,51
511,2,20.43,40.86,14,19
512,2,14.55,29.1,14,37
513,2,9.77,19.54,14,44
514,4,18.53,74.12,14,49
515,2,24.17,48.34,14,13
516,4,23.61,94.44,14,58
517,3,6.71,20.13,14,40
518,4,17.1,68.4,14,41
519,4,20.49,81.96,14,26
520,2,9.07,18.14,14,28
521,2,12.96,25.92,14,33
522,1,3.12,3.12,14,21
523,4,6.77,27.08,14,6
524,3,8.71,26.13,14,45
525,1,19.22,19.22,14,7
526,1,8.18,8.18,14,56
527,1,7.11,7.11,14,9
528,2,17.2,34.4,14,31
529,2,14.51,29.02,14,42
530,2,23.62,47.24,14,16
531,3,9.51,28.53,14,57
532,4,3.24,12.96,14,60
533,1,8.15,8.15,14,50
534,2,21.22,42.44,14,8
535,4,17.42,69.68,14,15
536,1,18.74,18.74,14,25
537,4,8.6,34.4,14,52
538,1,17.94,17.94,14,11
539,4,14.75,59.0,14,10
540,2,7.95,15.9,14,53
541,4,18.12,72.48,14,24
542,4,24.92,99.68,14,43
543,1,12.42,12.42,14,27
544,4,16.68,66.72,14,38
545,3,19.14,57.42,14,30
546,1,19.39,19.39,14,2
547,4,21.12,84.48,14,4
548,3,8.05,24.15,14,29
549,4,11.69,46.76,15,23
550,4,8.71,34.84,15,45
551,2,19.1,38.2,15,5
552,2,14.56,29.12,15,35
553,4,21.12,84.48,15,4
554,3,23.61,70.83,15,58
555,2,17.2,34.4,15,31
556,3,19.17,57.51,15,3
557,2,20.43,40.86,15,19
558,1,12.42,12.42,15,27
559,1,15.74,15.74,15,12
560,4,7.11,28.44,15,9
561,1,14.51,14.51,15,42
562,2,18.96,37.92,15,47
563,2,6.59,13.18,15,48
564,1,8.46,8.46,15,51
565,1,18.12,18.12,15,24
566,1,18.74,18.74,15,25
567,4,8.05,32.2,15,29
568,1,24.92,24.92,15,43
569,2,17.1,34.2,15,41
570,1,6.77,6.77,15,6
571,4,9.51,38.04,15,57
572,4,18.53,74.12,15,49
573,2,3.24,6.48,15,60
574,2,21.22,42.44,15,8
575,1,8.15,8.15,15,50
576,2,20.49,40.98,15,26
577,3,14.55,43.65,15,37
578,2,9.77,19.54,15,44
579,3,16.68,50.04,15,38
580,3,20.82,62.46,15,59
581,2,6.47,12.94,15,1
582,3,6.71,20.13,15,40
583,2,9.07,18.14,15,28
584,2,14.75,29.5,15,10
585,4,17.42,69.68,15,15
586,3,21.47,64.41,15,22
587,3,9.77,29.31,16,44
588,4,9.07,36.28,16,28
589,1,3.51,3.51,16,36
590,1,13.12,13.12,16,32
591,2,21.12,42.24,16,4
592,2,11.69,23.38,16,23
593,4,14.51,58.04,16,42
594,2,24.92,49.84,16,43
595,3,18.74,56.22,16,25
596,3,8.46,25.38,16,51
597,1,9.5,9.5,16,34
598,2,3.12,6.24,16,21
599,2,8.71,17.42,16,45
600,1,12.42,12.42,16,27
601,4,18.96,75.84,16,47
602,2,14.75,29.5,16,10
603,2,9.66,19.32,16,20
604,4,8.6,34.4,16,52
605,2,15.74,31.48,16,12
606,3,14.56,43.68,16,35
607,3,17.2,51.6,16,31
608,4,23.62,94.48,16,16
609,4,17.42,69.68,16,15
610,3,3.24,9.72,16,60
611,3,6.59,19.77,16,48
612,3,19.14,57.42,16,30
613,3,8.18,24.54,16,56
614,4,18.45,73.8,16,46
615,4,12.96,51.84,16,33
616,1,17.88,17.88,16,18
617,4,15.41,61.64,16,17
618,3,19.1,57.3,16,5
619,2,24.17,48.34,16,13
620,3,21.22,63.66,16,8
621,3,7.11,21.33,16,9
622,4,19.22,76.88,16,7
623,1,17.94,17.94,16,11
624,2,18.53,37.06,16,49
625,2,19.17,38.34,16,3
626,1,16.68,16.68,16,38
627,3,8.37,25.11,16,54
628,4,21.47,85.88,16,22
629,3,6.71,20.13,16,40
630,2,7.95,15.9,16,53
631,2,19.39,38.78,16,2
632,4,14.51,58.04,17,42
633,1,9.77,9.77,17,44
634,1,21.47,21.47,17,22
635,4,15.41,61.64,17,17
636,1,18.53,18.53,17,49
637,1,7.95,7.95,17,53
638,3,13.12,39.36,17,32
639,3,18.96,56.88,17,47
640,1,3.24,3.24,17,60
641,4,6.59,26.36,17,48
642,2,8.37,16.74,17,54
643,1,19.14,19.14,17,30
644,1,17.94,17.94,17,11
645,2,3.91,7.82,17,55
646,2,11.69,23.38,17,23
647,2,8.46,16.92,17,51
648,3,7.11,21.33,17,9
649,3,14.56,43.68,17,35
650,3,8.15,24.45,17,50
651,4,15.74,62.96,17,12
652,1,24.92,24.92,17,43
653,3,21.12,63.36,17,4
654,4,9.5,38.0,17,34
655,4,19.17,76.68,17,3
656,2,19.1,38.2,17,5
657,2,20.13,40.26,17,39
658,3,6.47,19.41,17,1
659,1,12.42,12.42,17,27
660,1,20.82,20.82,17,59
661,1,12.96,12.96,17,33
662,4,3.12,12.48,17,21
663,4,21.22,84.88,17,8
664,4,14.55,58.2,17,37
665,4,18.45,73.8,17,46
666,1,3.51,3.51,17,36
667,1,16.68,16.68,17,38
668,2,19.22,38.44,17,7
669,1,9.51,9.51,17,57
670,4,17.42,69.68,17,15
671,4,17.1,68.4,17,41
672,3,19.39,58.17,17,2
673,1,23.62,23.62,17,16
674,3,17.88,53.64,18,18
675,1,19.17,19.17,18,3
676,3,19.1,57.3,18,5
677,4,9.77,39.08,18,44
678,4,3.24,12.96,18,60
679,2,14.56,29.12,18,35
680,3,14.55,43.65,18,37
681,4,24.92,99.68,18,43
682,4,20.82,83.28,18,59
683,2,15.74,31.48,18,12
684,4,3.12,12.48,18,21
685,1,19.39,19.39,18,2
686,3,2.1,6.3,18,14
687,2,16.68,33.36,18,38
688,1,14.75,14.75,18,10
689,1,20.49,20.49,18,26
690,3,23.61,70.83,18,58
691,2,9.66,19.32,18,20
692,4,17.94,71.76,18,11
693,2,8.37,16.74,18,54
694,4,23.62,94.48,18,16
695,3,17.1,51.3,18,41
696,3,18.74,56.22,18,25
697,1,3.91,3.91,18,55
698,1,21.47,21.47,18,22
699,1,18.96,18.96,18,47
700,3,7.11,21.33,18,9
701,4,6.77,27.08,18,6
702,3,11.69,35.07,18,23
703,3,18.53,55.59,18,49
704,1,21.12,21.12,18,4
705,2,6.59,13.18,18,48
706,1,21.22,21.22,18,8
707,2,12.42,24.84,18,27
708,4,8.6,34.4,18,52
709,4,14.51,58.04,18,42
710,4,7.95,31.8,18,53
711,1,18.12,18.12,18,24
712,1,13.12,13.12,18,32
713,1,24.17,24.17,18,13
714,2,6.47,12.94,19,1
715,4,20.43,81.72,19,19
716,1,12.42,12.42,19,27
717,2,18.74,37.48,19,25
718,3,8.15,24.45,19,50
719,1,6.77,6.77,19,6
720,4,18.96,75.84,19,47
721,3,3.51,10.53,19,36
722,4,23.62,94.48,19,16
723,3,14.55,43.65,19,37
724,4,9.5,38.0,19,34
725,3,17.94,53.82,19,11
726,4,9.77,39.08,19,44
727,2,9.51,19.02,19,57
728,3,18.53,55.59,19,49
729,3,7.11,21.33,19,9
730,2,17.88,35.76,19,18
731,4,9.66,38.64,19,20
732,3,6.59,19.77,19,48
733,2,13.12,26.24,19,32
734,4,14.75,59.0,19,10
735,3,19.1,57.3,19,5
736,3,18.45,55.35,19,46
737,4,9.07,36.28,19,28
738,2,14.51,29.02,19,42
739,3,23.61,70.83,19,58
740,4,24.92,99.68,19,43
741,3,17.2,51.6,19,31
742,4,20.13,80.52,19,39
743,3,15.74,47.22,19,12
744,1,8.71,8.71,19,45
745,2,21.22,42.44,19,8
746,2,18.12,36.24,19,24
747,1,3.12,3.12,19,21
748,4,8.6,34.4,19,52
749,2,8.18,16.36,19,56
750,4,8.37,33.48,19,54
751,1,7.11,7.11,20,9
752,1,17.1,17.1,20,41
753,3,9.66,28.98,20,20
754,2,23.62,47.24,20,16
755,2,15.41,30.82,20,17
756,4,24.92,99.68,20,43
757,3,14.75,44.25,20,10
758,4,18.45,73.8,20,46
759,4,9.07,36.28,20,28
760,2,8.46,16.92,20,51
761,3,18.74,56.22,20,25
762,1,19.1,19.1,20,5
763,4,8.05,32.2,20,29
764,1,20.13,20.13,20,39
765,3,17.2,51.6,20,31
766,4,16.68,66.72,20,38
767,1,20.49,20.49,20,26
768,1,14.56,14.56,20,35
769,2,12.96,25.92,20,33
770,3,12.42,37.26,20,27
771,3,3.91,11.73,20,55
772,3,19.17,57.51,20,3
773,4,18.12,72.48,20,24
774,2,6.71,13.42,20,40
775,4,6.77,27.08,20,6
776,3,19.22,57.66,20,7
777,4,9.51,38.04,20,57
778,1,11.69,11.69,20,23
779,4,17.94,71.76,20,11
780,4,3.12,12.48,20,21
781,3,23.61,70.83,20,58
782,1,19.39,19.39,20,2
783,3,20.43,61.29,20,19
784,1,7.95,7.95,20,53
785,1,21.47,21.47,20,22
786,1,20.82,20.82,20,59
787,3,24.17,72.51,20,13
788,1,13.12,13.12,20,32
789,2,2.1,4.2,20,14
790,2,21.12,42.24,20,4
791,4,19.14,76.56,21,30
792,4,17.42,69.68,21,15
793,1,8.6,8.6,21,52
794,3,20.49,61.47,21,26
795,3,17.1,51.3,21,41
796,4,15.74,62.96,21,12
797,2,3.91,7.82,21,55
798,3,8.18,24.54,21,56
799,1,24.92,24.92,21,43
800,2,9.07,18.14,21,28
801,3,9.51,28.53,21,57
802,1,19.39,19.39,21,2
803,2,6.59,13.18,21,48
804,3,6.71,20.13,21,40
805,1,24.17,24.17,21,13
806,2,8.05,16.1,21,29
807,3,16.68,50.04,21,38
808,2,8.46,16.92,21,51
809,4,18.74,74.96,21,25
810,4,6.47,25.88,21,1
811,2,2.1,4.2,21,14
812,4,18.96,75.84,21,47
813,4,17.88,71.52,21,18
814,2,19.1,38.2,21,5
815,4,19.22,76.88,21,7
816,2,14.56,29.12,21,35
817,2,8.37,16.74,21,54
818,4,18.12,72.48,21,24
819,3,3.12,9.36,21,21
820,2,3.51,7.02,21,36
821,2,20.82,41.64,21,59
822,3,21.12,63.36,21,4
823,4,7.11,28.44,21,9
824,1,21.47,21.47,21,22
825,3,23.62,70.86,21,16
826,1,15.41,15.41,21,17
827,4,13.12,52.48,21,32
828,2,17.94,35.88,21,11
829,4,13.12,52.48,22,32
830,3,12.42,37.26,22,27
831,3,9.77,29.31,22,44
832,1,3.24,3.24,22,60
833,4,20.82,83.28,22,59
834,1,18.45,18.45,22,46
835,2,8.37,16.74,22,54
836,2,8.05,16.1,22,29
837,3,9.51,28.53,22,57
838,4,17.94,71.76,22,11
839,2,6.77,13.54,22,6
840,2,14.55,29.1,22,37
841,2,19.39,38.78,22,2
842,2,17.42,34.84,22,15
843,1,20.43,20.43,22,19
844,3,19.17,57.51,22,3
845,3,17.88,53.64,22,18
846,2,18.96,37.92,22,47
847,3,14.56,43.68,22,35
848,3,3.91,11.73,22,55
849,3,8.46,25.38,22,51
850,3,19.14,57.42,22,30
851,1,18.53,18.53,22,49
852,2,8.6,17.2,22,52
853,4,3.51,14.04,22,36
854,1,12.96,12.96,22,33
855,3,21.22,63.66,22,8
856,2,9.5,19.0,22,34
857,2,23.61,47.22,22,58
858,2,18.74,37.48,22,25
859,2,16.68,33.36,22,38
860,3,8.18,24.54,22,56
861,2,15.74,31.48,22,12
862,4,20.13,80.52,22,39
863,4,17.2,68.8,22,31
864,2,6.59,13.18,22,48
865,3,18.12,54.36,22,24
866,4,24.92,99.68,22,43
867,4,7.95,31.8,22,53
868,4,19.22,76.88,22,7
869,1,2.1,2.1,22,14
870,1,21.12,21.12,22,4
871,4,14.51,58.04,22,42
872,3,14.75,44.25,22,10
873,3,20.49,61.47,22,26
874,2,19.14,38.28,23,30
875,1,17.1,17.1,23,41
876,4,24.92,99.68,23,43
877,3,8.71,26.13,23,45
878,2,11.69,23.38,23,23
879,4,3.91,15.64,23,55
880,1,19.1,19.1,23,5
881,1,8.46,8.46,23,51
882,1,14.56,14.56,23,35
883,2,20.49,40.98,23,26
884,4,2.1,8.4,23,14
885,1,9.07,9.07,23,28
886,2,8.15,16.3,23,50
887,2,13.12,26.24,23,32
888,4,17.88,71.52,23,18
889,1,3.12,3.12,23,21
890,1,20.43,20.43,23,19
891,3,21.47,64.41,23,22
892,1,3.51,3.51,23,36
893,4,14.55,58.2,23,37
894,2,7.11,14.22,23,9
895,4,20.82,83.28,23,59
896,1,18.96,18.96,23,47
897,2,23.61,47.22,23,58
898,4,21.12,84.48,23,4
899,1,19.17,19.17,23,3
900,1,19.22,19.22,23,7
901,1,3.24,3.24,23,60
902,3,19.39,58.17,23,2
903,3,14.51,43.53,23,42
904,3,12.96,38.88,23,33
905,2,18.53,37.06,23,49
906,4,6.77,27.08,23,6
907,2,17.42,34.84,23,15
908,2,12.42,24.84,23,27
909,1,6.47,6.47,23,1
910,1,6.59,6.59,23,48
911,2,9.5,19.0,23,34
912,4,8.37,33.48,23,54
913,3,9.51,28.53,23,57
914,2,14.75,29.5,23,10
915,2,8.05,16.1,23,29
916,4,6.71,26.84,23,40
917,4,8.6,34.4,23,52
918,2,15.74,31.48,23,12
919,1,20.13,20.13,23,39
920,1,16.68,16.68,23,38
921,2,9.77,19.54,23,44
922,1,8.46,8.46,24,51
923,3,7.11,21.33,24,9
924,3,23.62,70.86,24,16
925,2,17.88,35.76,24,18
926,4,14.51,58.04,24,42
927,4,6.77,27.08,24,6
928,3,23.61,70.83,24,58
929,2,3.51,7.02,24,36
930,4,20.13,80.52,24,39
931,1,8.6,8.6,24,52
932,1,18.96,18.96,24,47
933,1,3.24,3.24,24,60
934,1,20.43,20.43,24,19
935,3,8.71,26.13,24,45
936,2,19.39,38.78,24,2
937,1,24.92,24.92,24,43
938,1,9.66,9.66,24,20
939,4,2.1,8.4,24,14
940,3,9.5,28.5,24,34
941,4,18.53,74.12,24,49
942,4,12.96,51.84,24,33
943,4,24.17,96.68,24,13
944,1,20.49,20.49,24,26
945,2,6.59,13.18,24,48
946,3,21.12,63.36,24,4
947,1,8.37,8.37,24,54
948,3,13.12,39.36,24,32
949,1,18.74,18.74,24,25
950,2,21.22,42.44,24,8
951,2,8.18,16.36,24,56
952,3,14.56,43.68,24,35
953,4,3.12,12.48,24,21
954,1,9.77,9.77,24,44
955,3,19.17,57.51,24,3
956,4,15.41,61.64,24,17
957,3,6.71,20.13,25,40
958,1,20.13,20.13,25,39
959,4,21.12,84.48,25,4
960,2,9.66,19.32,25,20
961,3,24.92,74.76,25,43
962,2,6.59,13.18,25,48
963,3,8.18,24.54,25,56
964,1,3.91,3.91,25,55
965,1,15.74,15.74,25,12
966,2,21.22,42.44,25,8
967,1,6.47,6.47,25,1
968,1,18.45,18.45,25,46
969,1,7.11,7.11,25,9
970,2,8.71,17.42,25,45
971,1,8.15,8.15,25,50
972,4,17.94,71.76,25,11
973,3,13.12,39.36,25,32
974,4,11.69,46.76,25,23
975,2,9.5,19.0,25,34
976,2,14.51,29.02,25,42
977,1,15.41,15.41,25,17
978,4,18.96,75.84,25,47
979,2,18.12,36.24,25,24
980,3,7.95,23.85,25,53
981,2,17.88,35.76,25,18
982,4,8.46,33.84,25,51
983,3,19.39,58.17,25,2
984,3,21.47,64.41,25,22
985,1,9.07,9.07,25,28
986,3,14.55,43.65,25,37
987,1,3.24,3.24,25,60
988,1,19.17,19.17,25,3
989,2,17.2,34.4,25,31
990,2,8.37,16.74,25,54
991,1,20.43,20.43,25,19
992,4,3.12,12.48,25,21
993,1,8.05,8.05,25,29
994,4,23.62,94.48,25,16
995,3,17.42,52.26,25,15
996,3,24.17,72.51,26,13
997,1,20.43,20.43,26,19
998,1,14.55,14.55,26,37
999,2,8.46,16.92,26,51
1000,4,9.66,38.64,26,20
1001,3,6.59,19.77,26,48
1002,4,6.71,26.84,26,40
1003,1,23.62,23.62,26,16
1004,1,19.14,19.14,26,30
1005,2,18.12,36.24,26,24
1006,4,16.68,66.72,26,38
1007,1,13.12,13.12,26,32
1008,1,3.24,3.24,26,60
1009,4,18.96,75.84,26,47
1010,2,14.56,29.12,26,35
1011,2,7.95,15.9,26,53
1012,3,14.75,44.25,26,10
1013,3,6.47,19.41,26,1
1014,3,12.42,37.26,26,27
1015,4,19.39,77.56,26,2
1016,3,17.42,52.26,26,15
1017,3,18.45,55.35,26,46
1018,4,11.69,46.76,26,23
1019,3,24.92,74.76,26,43
1020,2,21.47,42.94,26,22
1021,1,23.61,23.61,26,58
1022,2,18.74,37.48,26,25
1023,2,8.18,16.36,26,56
1024,1,19.22,19.22,26,7
1025,2,18.53,37.06,26,49
1026,1,15.41,15.41,26,17
1027,2,21.22,42.44,26,8
1028,4,2.1,8.4,26,14
1029,4,8.71,34.84,26,45
1030,3,17.1,51.3,26,41
1031,4,19.1,76.4,26,5
1032,1,9.66,9.66,27,20
1033,2,19.14,38.28,27,30
1034,2,15.41,30.82,27,17
1035,2,3.91,7.82,27,55
1036,4,21.22,84.88,27,8
1037,3,6.77,20.31,27,6
1038,1,17.94,17.94,27,11
1039,3,8.6,25.8,27,52
1040,1,9.77,9.77,27,44
1041,1,3.24,3.24,27,60
1042,1,18.45,18.45,27,46
1043,2,8.71,17.42,27,45
1044,4,20.13,80.52,27,39
1045,2,19.17,38.34,27,3
1046,1,2.1,2.1,27,14
1047,3,3.12,9.36,27,21
1048,1,14.75,14.75,27,10
1049,1,9.51,9.51,27,57
1050,4,23.62,94.48,27,16
1051,1,11.69,11.69,27,23
1052,2,20.49,40.98,27,26
1053,4,12.96,51.84,27,33
1054,4,21.12,84.48,27,4
1055,4,8.46,33.84,27,51
1056,1,23.61,23.61,27,58
1057,4,15.74,62.96,27,12
1058,4,19.39,77.56,27,2
1059,2,6.71,13.42,27,40
1060,3,8.05,24.15,27,29
1061,2,17.88,35.76,27,18
1062,2,18.12,36.24,27,24
1063,3,17.2,51.6,27,31
1064,3,8.18,24.54,27,56
1065,4,16.68,66.72,27,38
1066,2,17.42,34.84,27,15
1067,1,12.42,12.42,27,27
1068,2,19.1,38.2,27,5
1069,3,18.74,56.22,27,25
1070,4,6.47,25.88,27,1
1071,2,7.11,14.22,28,9
1072,1,12.42,12.42,28,27
1073,2,24.17,48.34,28,13
1074,2,14.51,29.02,28,42
1075,3,8.6,25.8,28,52
1076,1,9.5,9.5,28,34
1077,2,23.62,47.24,28,16
1078,4,17.1,68.4,28,41
1079,3,8.18,24.54,28,56
1080,2,14.56,29.12,28,35
1081,2,19.39,38.78,28,2
1082,2,18.74,37.48,28,25
1083,3,18.45,55.35,28,46
1084,3,11.69,35.07,28,23
1085,1,17.2,17.2,28,31
1086,3,8.46,25.38,28,51
1087,2,13.12,26.24,28,32
1088,2,18.96,37.92,28,47
1089,4,14.55,58.2,28,37
1090,3,12.96,38.88,28,33
1091,2,3.12,6.24,28,21
1092,4,18.53,74.12,28,49
1093,1,17.88,17.88,28,18
1094,1,15.74,15.74,28,12
1095,1,8.15,8.15,28,50
1096,2,6.71,13.42,28,40
1097,2,17.42,34.84,28,15
1098,1,3.51,3.51,28,36
1099,4,16.68,66.72,28,38
1100,1,7.95,7.95,28,53
1101,3,20.49,61.47,28,26
1102,2,8.37,16.74,28,54
1103,2,15.41,30.82,28,17
1104,3,9.51,28.53,28,57
1105,2,20.13,40.26,28,39
1106,3,20.43,61.29,28,19
1107,1,21.22,21.22,28,8
1108,2,8.18,16.36,29,56
1109,1,18.12,18.12,29,24
1110,4,19.1,76.4,29,5
1111,2,20.82,41.64,29,59
1112,3,18.45,55.35,29,46
1113,1,24.92,24.92,29,43
1114,2,20.49,40.98,29,26
1115,3,16.68,50.04,29,38
1116,3,19.22,57.66,29,7
1117,2,21.47,42.94,29,22
1118,1,9.66,9.66,29,20
1119,3,3.12,9.36,29,21
1120,4,7.11,28.44,29,9
1121,1,17.94,17.94,29,11
1122,3,9.07,27.21,29,28
1123,2,17.1,34.2,29,41
1124,2,13.12,26.24,29,32
1125,1,14.51,14.51,29,42
1126,3,18.53,55.59,29,49
1127,3,15.74,47.22,29,12
1128,1,3.51,3.51,29,36
1129,1,11.69,11.69,29,23
1130,1,17.42,17.42,29,15
1131,4,8.71,34.84,29,45
1132,4,18.74,74.96,29,25
1133,4,8.15,32.6,29,50
1134,2,20.43,40.86,29,19
1135,4,6.59,26.36,29,48
1136,4,14.55,58.2,29,37
1137,4,9.51,38.04,29,57
1138,3,6.47,19.41,29,1
1139,4,20.13,80.52,29,39
1140,1,9.5,9.5,29,34
1141,4,24.17,96.68,29,13
1142,2,6.71,13.42,29,40
1143,2,3.24,6.48,29,60
1144,4,19.39,77.56,29,2
1145,1,6.77,6.77,29,6
1146,1,14.56,14.56,29,35
1147,3,18.96,56.88,29,47
1148,1,8.46,8.46,29,51
1149,4,17.94,71.76,30,11
1150,2,9.51,19.02,30,57
1151,1,18.74,18.74,30,25
1152,3,3.24,9.72,30,60
1153,1,18.96,18.96,30,47
1154,4,19.1,76.4,30,5
1155,1,3.51,3.51,30,36
1156,3,6.77,20.31,30,6
1157,4,21.47,85.88,30,22
1158,2,20.13,40.26,30,39
1159,1,6.71,6.71,30,40
1160,1,17.2,17.2,30,31
1161,2,18.45,36.9,30,46
1162,2,19.39,38.78,30,2
1163,3,9.07,27.21,30,28
1164,1,14.51,14.51,30,42
1165,4,20.82,83.28,30,59
1166,1,8.46,8.46,30,51
1167,3,6.59,19.77,30,48
1168,4,9.77,39.08,30,44
1169,4,21.12,84.48,30,4
1170,4,19.22,76.88,30,7
1171,3,8.6,25.8,30,52
1172,1,2.1,2.1,30,14
1173,4,24.17,96.68,30,13
1174,2,12.42,24.84,30,27
1175,3,15.41,46.23,30,17
1176,4,20.43,81.72,30,19
1177,3,9.66,28.98,30,20
1178,2,21.22,42.44,30,8
1179,4,8.15,32.6,30,50
1180,1,8.18,8.18,30,56
1181,3,8.37,25.11,30,54
1182,4,12.96,51.84,30,33
1183,4,17.88,71.52,30,18
1184,1,18.53,18.53,31,49
1185,4,8.71,34.84,31,45
1186,2,24.92,49.84,31,43
1187,2,19.22,38.44,31,7
1188,2,6.77,13.54,31,6
1189,2,23.61,47.22,31,58
1190,2,11.69,23.38,31,23
1191,1,8.6,8.6,31,52
1192,4,14.56,58.24,31,35
1193,1,12.42,12.42,31,27
1194,4,3.24,12.96,31,60
1195,2,16.68,33.36,31,38
1196,2,17.42,34.84,31,15
1197,3,3.51,10.53,31,36
1198,3,21.12,63.36,31,4
1199,1,18.74,18.74,31,25
1200,1,9.5,9.5,31,34
1201,4,8.46,33.84,31,51
1202,4,7.95,31.8,31,53
1203,3,17.2,51.6,31,31
1204,3,14.55,43.65,31,37
1205,4,23.62,94.48,31,16
1206,1,17.1,17.1,31,41
1207,4,9.66,38.64,31,20
1208,1,8.18,8.18,31,56
1209,4,20.49,81.96,31,26
1210,2,19.17,38.34,31,3
1211,2,12.96,25.92,31,33
1212,1,14.75,14.75,31,10
1213,2,9.51,19.02,32,57
1214,2,12.42,24.84,32,27
1215,3,15.41,46.23,32,17
1216,4,18.74,74.96,32,25
1217,3,14.51,43.53,32,42
1218,3,13.12,39.36,32,32
1219,4,14.55,58.2,32,37
1220,1,20.13,20.13,32,39
1221,2,17.2,34.4,32,31
1222,4,19.17,76.68,32,3
1223,2,15.74,31.48,32,12
1224,4,17.88,71.52,32,18
1225,4,20.49,81.96,32,26
1226,3,14.75,44.25,32,10
1227,1,6.71,6.71,32,40
1228,2,7.95,15.9,32,53
1229,1,9.77,9.77,32,44
1230,3,6.59,19.77,32,48
1231,4,8.46,33.84,32,51
1232,2,24.92,49.84,32,43
1233,1,21.47,21.47,32,22
1234,2,23.62,47.24,32,16
1235,2,21.12,42.24,32,4
1236,2,8.6,17.2,32,52
1237,1,18.53,18.53,32,49
1238,2,18.12,36.24,32,24
1239,1,19.39,19.39,32,2
1240,4,18.45,73.8,32,46
1241,1,9.66,9.66,32,20
1242,3,18.96,56.88,32,47
1243,2,7.11,14.22,32,9
1244,3,20.82,62.46,32,59
1245,3,8.71,26.13,32,45
1246,4,11.69,46.76,32,23
1247,4,12.96,51.84,32,33
1248,1,16.68,16.68,32,38
1249,1,8.18,8.18,33,56
1250,2,17.2,34.4,33,31
1251,3,16.68,50.04,33,38
1252,3,3.51,10.53,33,36
1253,3,11.69,35.07,33,23
1254,4,3.24,12.96,33,60
1255,4,17.94,71.76,33,11
1256,3,15.41,46.23,33,17
1257,4,6.59,26.36,33,48
1258,3,8.71,26.13,33,45
1259,2,6.77,13.54,33,6
1260,4,20.43,81.72,33,19
1261,3,19.39,58.17,33,2
1262,4,18.74,74.96,33,25
1263,1,21.12,21.12,33,4
1264,1,8.37,8.37,33,54
1265,3,14.55,43.65,33,37
1266,3,2.1,6.3,33,14
1267,3,17.42,52.26,33,15
1268,1,14.51,14.51,33,42
1269,4,24.92,99.68,33,43
1270,1,17.88,17.88,33,18
1271,3,12.42,37.26,33,27
1272,3,12.96,38.88,33,33
1273,3,8.6,25.8,33,52
1274,3,6.47,19.41,33,1
1275,3,20.82,62.46,33,59
1276,3,7.11,21.33,33,9
1277,2,15.74,31.48,33,12
1278,2,9.66,19.32,33,20
1279,3,24.92,74.76,34,43
1280,1,3.12,3.12,34,21
1281,2,9.77,19.54,34,44
1282,3,7.11,21.33,34,9
1283,2,18.96,37.92,34,47
1284,3,19.39,58.17,34,2
1285,4,14.51,58.04,34,42
1286,3,13.12,39.36,34,32
1287,3,20.43,61.29,34,19
1288,3,15.41,46.23,34,17
1289,3,12.42,37.26,34,27
1290,4,20.49,81.96,34,26
1291,1,18.74,18.74,34,25
1292,4,19.17,76.68,34,3
1293,1,16.68,16.68,34,38
1294,1,14.55,14.55,34,37
1295,4,24.17,96.68,34,13
1296,2,21.47,42.94,34,22
1297,1,17.42,17.42,34,15
1298,4,14.56,58.24,34,35
1299,3,17.2,51.6,34,31
1300,4,11.69,46.76,34,23
1301,1,12.96,12.96,34,33
1302,2,9.66,19.32,34,20
1303,2,17.94,35.88,34,11
1304,2,15.74,31.48,34,12
1305,3,8.6,25.8,34,52
1306,4,19.22,76.88,34,7
1307,4,6.71,26.84,34,40
1308,2,19.1,38.2,34,5
1309,3,18.12,54.36,34,24
1310,2,9.51,19.02,34,57
1311,1,19.14,19.14,34,30
1312,4,18.53,74.12,34,49
1313,3,17.88,53.64,34,18
1314,2,6.59,13.18,34,48
1315,3,6.77,20.31,34,6
1316,3,18.53,55.59,35,49
1317,4,17.94,71.76,35,11
1318,3,13.12,39.36,35,32
1319,4,8.46,33.84,35,51
1320,2,3.24,6.48,35,60
1321,3,8.15,24.45,35,50
1322,4,6.77,27.08,35,6
1323,3,7.11,21.33,35,9
1324,2,6.71,13.42,35,40
1325,2,9.07,18.14,35,28
1326,4,17.1,68.4,35,41
1327,1,9.51,9.51,35,57
1328,2,20.49,40.98,35,26
1329,2,8.18,16.36,35,56
1330,2,17.2,34.4,35,31
1331,2,18.74,37.48,35,25
1332,1,6.47,6.47,35,1
1333,2,19.17,38.34,35,3
1334,1,14.56,14.56,35,35
1335,3,24.17,72.51,35,13
1336,1,18.12,18.12,35,24
1337,4,9.77,39.08,35,44
1338,3,3.12,9.36,35,21
1339,1,9.5,9.5,35,34
1340,1,3.91,3.91,35,55
1341,1,19.39,19.39,35,2
1342,1,20.13,20.13,35,39
1343,1,23.62,23.62,35,16
1344,1,17.42,17.42,35,15
1345,4,11.69,46.76,35,23
1346,4,8.05,32.2,35,29
1347,4,15.74,62.96,35,12
1348,1,14.75,14.75,35,10
1349,3,19.1,57.3,35,5
1350,4,21.12,84.48,35,4
1351,2,3.51,7.02,35,36
1352,2,15.41,30.82,35,17
1353,1,20.43,20.43,35,19
1354,3,18.96,56.88,35,47
1355,4,8.37,33.48,35,54
1356,1,24.92,24.92,35,43
1357,3,14.51,43.53,35,42
1358,2,21.47,42.94,35,22
1359,1,21.22,21.22,36,8
1360,3,8.46,25.38,36,51
1361,2,19.22,38.44,36,7
1362,4,13.12,52.48,36,32
1363,3,24.17,72.51,36,13
1364,3,20.13,60.39,36,39
1365,4,8.18,32.72,36,56
1366,1,8.15,8.15,36,50
1367,1,15.41,15.41,36,17
1368,2,9.5,19.0,36,34
1369,1,8.37,8.37,36,54
1370,3,11.69,35.07,36,23
1371,3,18.45,55.35,36,46
1372,3,12.42,37.26,36,27
1373,4,20.43,81.72,36,19
1374,1,17.94,17.94,36,11
1375,1,19.17,19.17,36,3
1376,1,3.51,3.51,36,36
1377,1,9.51,9.51,36,57
1378,2,2.1,4.2,36,14
1379,2,17.2,34.4,36,31
1380,3,21.47,64.41,36,22
1381,3,23.62,70.86,36,16
1382,4,6.47,25.88,36,1
1383,3,14.55,43.65,36,37
1384,1,6.77,6.77,36,6
1385,3,3.24,9.72,36,60
1386,3,14.51,43.53,36,42
1387,2,14.75,29.5,36,10
1388,1,6.71,6.71,36,40
1389,4,9.77,39.08,36,44
1390,4,18.74,74.96,36,25
1391,4,8.6,34.4,36,52
1392,3,19.14,57.42,36,30
1393,2,9.51,19.02,37,57
1394,4,8.6,34.4,37,52
1395,3,17.94,53.82,37,11
1396,4,21.22,84.88,37,8
1397,2,7.11,14.22,37,9
1398,1,8.71,8.71,37,45
1399,1,18.96,18.96,37,47
1400,2,21.12,42.24,37,4
1401,4,23.61,94.44,37,58
1402,4,19.22,76.88,37,7
1403,2,12.42,24.84,37,27
1404,1,16.68,16.68,37,38
1405,4,17.2,68.8,37,31
1406,3,14.55,43.65,37,37
1407,2,9.77,19.54,37,44
1408,3,8.05,24.15,37,29
1409,3,15.74,47.22,37,12
1410,1,6.71,6.71,37,40
1411,2,18.74,37.48,37,25
1412,4,11.69,46.76,37,23
1413,4,24.92,99.68,37,43
1414,2,19.39,38.78,37,2
1415,1,8.18,8.18,37,56
1416,4,6.59,26.36,37,48
1417,4,13.12,52.48,37,32
1418,4,3.24,12.96,37,60
1419,1,8.15,8.15,37,50
1420,4,3.91,15.64,37,55
1421,4,19.17,76.68,37,3
1422,3,3.51,10.53,37,36
1423,1,18.53,18.53,37,49
1424,4,3.12,12.48,37,21
1425,1,20.82,20.82,37,59
1426,1,6.47,6.47,37,1
1427,4,17.1,68.4,37,41
1428,4,21.47,85.88,37,22
1429,1,15.41,15.41,37,17
1430,1,20.43,20.43,37,19
1431,1,20.49,20.49,37,26
1432,3,14.56,43.68,37,35
1433,2,9.07,18.14,37,28
1434,4,18.12,72.48,37,24
1435,3,14.51,43.53,37,42
1436,3,7.95,23.85,37,53
1437,1,2.1,2.1,37,14
1438,4,17.2,68.8,38,31
1439,2,18.45,36.9,38,46
1440,4,24.92,99.68,38,43
1441,1,18.12,18.12,38,24
1442,1,20.82,20.82,38,59
1443,4,8.05,32.2,38,29
1444,4,21.22,84.88,38,8
1445,2,19.22,38.44,38,7
1446,2,18.53,37.06,38,49
1447,2,23.61,47.22,38,58
1448,1,17.42,17.42,38,15
1449,4,6.47,25.88,38,1
1450,3,21.47,64.41,38,22
1451,4,11.69,46.76,38,23
1452,4,17.1,68.4,38,41
1453,2,20.43,40.86,38,19
1454,3,3.51,10.53,38,36
1455,4,9.5,38.0,38,34
1456,3,9.51,28.53,38,57
1457,3,7.95,23.85,38,53
1458,4,19.17,76.68,38,3
1459,2,17.94,35.88,38,11
1460,2,13.12,26.24,38,32
1461,4,7.11,28.44,38,9
1462,3,12.42,37.26,38,27
1463,3,8.18,24.54,38,56
1464,2,15.41,30.82,38,17
1465,2,24.17,48.34,38,13
1466,2,12.96,25.92,38,33
1467,3,21.12,63.36,38,4
1468,3,19.14,57.42,38,30
1469,2,9.07,18.14,38,28
1470,2,16.68,33.36,38,38
1471,3,14.56,43.68,38,35
1472,1,8.15,8.15,38,50
1473,3,9.77,29.31,38,44
1474,4,18.96,75.84,38,47
1475,4,20.13,80.52,38,39
1476,3,3.24,9.72,38,60
1477,4,2.1,8.4,38,14
1478,1,19.39,19.39,38,2
1479,1,8.71,8.71,38,45
1480,1,6.59,6.59,38,48
1481,4,20.49,81.96,38,26
1482,1,8.46,8.46,39,51
1483,2,17.94,35.88,39,11
1484,2,20.43,40.86,39,19
1485,1,9.77,9.77,39,44
1486,4,15.41,61.64,39,17
1487,1,14.75,14.75,39,10
1488,4,8.37,33.48,39,54
1489,3,21.12,63.36,39,4
1490,3,8.71,26.13,39,45
1491,2,3.24,6.48,39,60
1492,2,23.61,47.22,39,58
1493,3,2.1,6.3,39,14
1494,1,14.56,14.56,39,35
1495,3,19.17,57.51,39,3
1496,4,11.69,46.76,39,23
1497,2,8.05,16.1,39,29
1498,1,19.22,19.22,39,7
1499,2,6.71,13.42,39,40
1500,3,3.51,10.53,39,36
1501,1,17.42,17.42,39,15
1502,3,14.51,43.53,39,42
1503,4,18.74,74.96,39,25
1504,3,23.62,70.86,39,16
1505,1,12.96,12.96,39,33
1506,3,8.15,24.45,39,50
1507,2,7.95,15.9,39,53
1508,2,20.13,40.26,39,39
1509,1,9.5,9.5,39,34
1510,2,12.42,24.84,39,27
1511,4,17.2,68.8,39,31
1512,4,20.49,81.96,39,26
1513,1,21.47,21.47,39,22
1514,3,20.82,62.46,39,59
1515,2,17.88,35.76,39,18
1516,2,19.39,38.78,39,2
1517,3,6.47,19.41,39,1
1518,3,18.12,54.36,39,24
1519,3,7.11,21.33,39,9
1520,3,9.51,28.53,39,57
1521,2,9.66,19.32,39,20
1522,4,17.1,68.4,39,41
1523,1,21.22,21.22,39,8
1524,1,15.74,15.74,39,12
1525,3,8.6,25.8,39,52
1526,4,8.18,32.72,39,56
1527,2,19.1,38.2,39,5
1528,2,24.92,49.84,39,43
1529,1,18.96,18.96,39,47
1530,3,9.07,27.21,39,28
1531,4,20.82,83.28,40,59
1532,1,9.5,9.5,40,34
1533,2,7.95,15.9,40,53
1534,4,8.15,32.6,40,50
1535,1,18.12,18.12,40,24
1536,2,12.96,25.92,40,33
1537,1,8.6,8.6,40,52
1538,4,3.91,15.64,40,55
1539,3,8.05,24.15,40,29
1540,1,13.12,13.12,40,32
1541,1,19.17,19.17,40,3
1542,1,20.43,20.43,40,19
1543,1,14.51,14.51,40,42
1544,2,24.17,48.34,40,13
1545,3,3.12,9.36,40,21
1546,1,23.61,23.61,40,58
1547,2,6.77,13.54,40,6
1548,3,19.22,57.66,40,7
1549,4,17.94,71.76,40,11
1550,4,14.56,58.24,40,35
1551,4,17.1,68.4,40,41
1552,4,6.47,25.88,40,1
1553,4,19.1,76.4,40,5
1554,3,2.1,6.3,40,14
1555,1,14.55,14.55,40,37
1556,3,6.71,20.13,41,40
1557,2,19.1,38.2,41,5
1558,4,18.53,74.12,41,49
1559,2,6.59,13.18,41,48
1560,2,16.68,33.36,41,38
1561,2,19.17,38.34,41,3
1562,2,8.71,17.42,41,45
1563,3,20.82,62.46,41,59
1564,2,11.69,23.38,41,23
1565,1,12.96,12.96,41,33
1566,2,19.22,38.44,41,7
1567,1,20.43,20.43,41,19
1568,4,9.77,39.08,41,44
1569,1,9.66,9.66,41,20
1570,3,20.13,60.39,41,39
1571,1,6.77,6.77,41,6
1572,3,23.61,70.83,41,58
1573,1,8.05,8.05,41,29
1574,2,18.74,37.48,41,25
1575,4,20.49,81.96,41,26
1576,3,19.39,58.17,41,2
1577,3,17.2,51.6,41,31
1578,2,17.94,35.88,41,11
1579,2,14.56,29.12,41,35
1580,1,17.42,17.42,41,15
1581,3,7.11,21.33,41,9
1582,1,17.1,17.1,41,41
1583,2,9.51,19.02,41,57
1584,3,14.75,44.25,41,10
1585,4,13.12,52.48,41,32
1586,4,21.47,85.88,41,22
1587,3,24.92,74.76,41,43
1588,3,9.5,28.5,41,34
1589,2,18.12,36.24,41,24
1590,3,3.12,9.36,41,21
1591,3,15.74,47.22,41,12
1592,4,6.47,25.88,41,1
1593,2,17.88,35.76,41,18
1594,1,8.6,8.6,41,52
1595,3,7.95,23.85,41,53
1596,2,21.12,42.24,41,4
1597,2,3.24,6.48,41,60
1598,4,12.42,49.68,41,27
1599,3,24.17,72.51,41,13
1600,3,3.91,11.73,41,55
1601,2,9.07,18.14,41,28
1602,3,18.96,56.88,41,47
1603,4,14.51,58.04,41,42
1604,3,19.22,57.66,42,7
1605,1,15.74,15.74,42,12
1606,2,14.51,29.02,42,42
1607,2,20.13,40.26,42,39
1608,2,6.77,13.54,42,6
1609,4,8.37,33.48,42,54
1610,2,17.88,35.76,42,18
1611,2,7.95,15.9,42,53
1612,2,7.11,14.22,42,9
1613,4,14.56,58.24,42,35
1614,3,24.17,72.51,42,13
1615,1,15.41,15.41,42,17
1616,2,18.96,37.92,42,47
1617,4,17.1,68.4,42,41
1618,2,19.1,38.2,42,5
1619,1,18.45,18.45,42,46
1620,3,19.39,58.17,42,2
1621,3,12.96,38.88,42,33
1622,2,6.59,13.18,42,48
1623,1,9.77,9.77,42,44
1624,2,16.68,33.36,42,38
1625,3,6.71,20.13,42,40
1626,4,20.49,81.96,42,26
1627,4,2.1,8.4,42,14
1628,4,19.17,76.68,42,3
1629,1,18.53,18.53,42,49
1630,1,17.2,17.2,42,31
1631,3,14.75,44.25,42,10
1632,1,18.12,18.12,42,24
1633,3,8.15,24.45,42,50
1634,3,21.22,63.66,42,8
1635,2,8.05,16.1,42,29
1636,4,18.74,74.96,42,25
1637,4,20.43,81.72,42,19
1638,3,13.12,39.36,42,32
1639,1,24.92,24.92,42,43
1640,3,8.71,26.13,42,45
1641,4,17.42,69.68,42,15
1642,2,8.46,16.92,42,51
1643,4,21.47,85.88,42,22
1644,3,3.51,10.53,42,36
1645,3,9.5,28.5,42,34
1646,2,9.51,19.02,43,57
1647,3,7.11,21.33,43,9
1648,2,8.05,16.1,43,29
1649,4,17.94,71.76,43,11
1650,1,17.42,17.42,43,15
1651,3,19.1,57.3,43,5
1652,1,12.96,12.96,43,33
1653,2,14.51,29.02,43,42
1654,4,17.88,71.52,43,18
1655,4,2.1,8.4,43,14
1656,4,14.75,59.0,43,10
1657,2,15.74,31.48,43,12
1658,2,3.24,6.48,43,60
1659,4,18.12,72.48,43,24
1660,2,20.13,40.26,43,39
1661,2,21.22,42.44,43,8
1662,3,24.92,74.76,43,43
1663,2,8.18,16.36,43,56
1664,3,12.42,37.26,43,27
1665,4,21.47,85.88,43,22
1666,1,8.71,8.71,43,45
1667,2,17.2,34.4,43,31
1668,4,18.45,73.8,43,46
1669,4,16.68,66.72,43,38
1670,2,8.46,16.92,43,51
1671,1,6.59,6.59,43,48
1672,1,7.95,7.95,43,53
1673,2,19.39,38.78,43,2
1674,4,23.62,94.48,43,16
1675,2,8.37,16.74,43,54
1676,1,3.91,3.91,43,55
1677,2,20.43,40.86,43,19
1678,4,23.61,94.44,43,58
1679,1,6.77,6.77,43,6
1680,1,19.14,19.14,43,30
1681,1,3.12,3.12,43,21
1682,4,15.41,61.64,43,17
1683,2,14.55,29.1,43,37
1684,1,9.07,9.07,43,28
1685,4,20.49,81.96,43,26
1686,4,11.69,46.76,43,23
1687,4,17.2,68.8,44,31
1688,4,8.46,33.84,44,51
1689,2,8.15,16.3,44,50
1690,3,18.74,56.22,44,25
1691,4,11.69,46.76,44,23
1692,3,16.68,50.04,44,38
1693,3,8.6,25.8,44,52
1694,3,6.59,19.77,44,48
1695,4,18.53,74.12,44,49
1696,2,8.71,17.42,44,45
1697,1,14.55,14.55,44,37
1698,2,19.22,38.44,44,7
1699,4,9.07,36.28,44,28
1700,2,7.11,14.22,44,9
1701,1,15.41,15.41,44,17
1702,2,3.24,6.48,44,60
1703,4,17.42,69.68,44,15
1704,3,6.77,20.31,44,6
1705,1,20.43,20.43,44,19
1706,2,20.13,40.26,44,39
1707,4,14.56,58.24,44,35
1708,1,12.42,12.42,44,27
1709,1,18.45,18.45,44,46
1710,2,24.17,48.34,44,13
1711,4,6.47,25.88,44,1
1712,4,3.51,14.04,44,36
1713,1,9.5,9.5,44,34
1714,1,21.22,21.22,44,8
1715,3,6.71,20.13,44,40
1716,2,23.61,47.22,44,58
1717,3,3.12,9.36,44,21
1718,1,8.37,8.37,44,54
1719,1,8.18,8.18,44,56
1720,4,20.49,81.96,44,26
1721,4,17.94,71.76,44,11
1722,3,2.1,6.3,44,14
1723,1,15.74,15.74,44,12
1724,2,21.12,42.24,44,4
1725,4,19.1,76.4,44,5
1726,4,9.51,38.04,44,57
1727,1,14.51,14.51,44,42
1728,2,18.96,37.92,44,47
1729,3,9.66,28.98,44,20
1730,2,19.14,38.28,44,30
1731,1,18.12,18.12,44,24
1732,2,14.75,29.5,44,10
1733,2,21.47,42.94,44,22
1734,1,17.1,17.1,44,41
1735,3,8.05,24.15,44,29
1736,2,7.95,15.9,44,53
1737,3,24.92,74.76,45,43
1738,3,20.49,61.47,45,26
1739,4,20.82,83.28,45,59
1740,4,16.68,66.72,45,38
1741,4,24.17,96.68,45,13
1742,2,9.5,19.0,45,34
1743,3,6.47,19.41,45,1
1744,4,6.59,26.36,45,48
1745,4,18.45,73.8,45,46
1746,1,19.1,19.1,45,5
1747,4,6.77,27.08,45,6
1748,1,3.51,3.51,45,36
1749,3,20.43,61.29,45,19
1750,1,18.96,18.96,45,47
1751,4,18.53,74.12,45,49
1752,2,9.51,19.02,45,57
1753,2,11.69,23.38,45,23
1754,3,9.77,29.31,45,44
1755,4,17.88,71.52,45,18
1756,3,17.42,52.26,45,15
1757,1,20.13,20.13,45,39
1758,3,8.18,24.54,45,56
1759,2,19.14,38.28,45,30
1760,3,23.61,70.83,45,58
1761,1,8.37,8.37,45,54
1762,4,15.41,61.64,45,17
1763,3,15.74,47.22,45,12
1764,1,12.42,12.42,45,27
1765,2,19.22,38.44,45,7
1766,4,14.51,58.04,45,42
1767,3,19.17,57.51,45,3
1768,3,14.56,43.68,45,35
1769,2,14.75,29.5,45,10
1770,3,17.94,53.82,45,11
1771,2,21.12,42.24,45,4
1772,2,8.05,16.1,45,29
1773,2,2.1,4.2,46,14
1774,1,17.42,17.42,46,15
1775,4,24.17,96.68,46,13
1776,4,8.37,33.48,46,54
1777,1,23.62,23.62,46,16
1778,3,9.51,28.53,46,57
1779,4,6.71,26.84,46,40
1780,2,11.69,23.38,46,23
1781,4,14.75,59.0,46,10
1782,1,8.15,8.15,46,50
1783,4,19.22,76.88,46,7
1784,3,21.22,63.66,46,8
1785,1,6.77,6.77,46,6
1786,1,9.77,9.77,46,44
1787,2,24.92,49.84,46,43
1788,4,13.12,52.48,46,32
1789,1,3.91,3.91,46,55
1790,3,6.47,19.41,46,1
1791,3,14.56,43.68,46,35
1792,3,19.17,57.51,46,3
1793,2,17.2,34.4,46,31
1794,3,18.12,54.36,46,24
1795,2,3.12,6.24,46,21
1796,3,8.71,26.13,46,45
1797,4,17.88,71.52,46,18
1798,3,14.55,43.65,46,37
1799,3,15.74,47.22,46,12
1800,2,12.96,25.92,46,33
1801,4,3.51,14.04,46,36
1802,4,23.61,94.44,46,58
1803,2,18.53,37.06,46,49
1804,4,18.74,74.96,46,25
1805,3,20.43,61.29,46,19
1806,1,14.55,14.55,47,37
1807,2,9.77,19.54,47,44
1808,1,17.42,17.42,47,15
1809,2,7.95,15.9,47,53
1810,3,19.22,57.66,47,7
1811,4,18.96,75.84,47,47
1812,1,17.88,17.88,47,18
1813,4,8.6,34.4,47,52
1814,3,23.62,70.86,47,16
1815,3,3.51,10.53,47,36
1816,3,9.07,27.21,47,28
1817,3,18.74,56.22,47,25
1818,3,24.17,72.51,47,13
1819,3,14.75,44.25,47,10
1820,1,3.91,3.91,47,55
1821,4,17.2,68.8,47,31
1822,1,6.47,6.47,47,1
1823,3,15.74,47.22,47,12
1824,2,12.42,24.84,47,27
1825,2,13.12,26.24,47,32
1826,3,7.11,21.33,47,9
1827,3,9.5,28.5,47,34
1828,3,14.56,43.68,47,35
1829,4,3.12,12.48,47,21
1830,4,17.1,68.4,47,41
1831,1,9.66,9.66,47,20
1832,4,15.41,61.64,47,17
1833,3,21.12,63.36,47,4
1834,4,20.49,81.96,47,26
1835,1,6.71,6.71,48,40
1836,4,14.55,58.2,48,37
1837,1,20.49,20.49,48,26
1838,1,3.91,3.91,48,55
1839,3,19.1,57.3,48,5
1840,2,6.77,13.54,48,6
1841,1,17.94,17.94,48,11
1842,4,21.47,85.88,48,22
1843,3,17.42,52.26,48,15
1844,2,3.12,6.24,48,21
1845,2,8.46,16.92,48,51
1846,3,14.51,43.53,48,42
1847,4,20.43,81.72,48,19
1848,2,18.45,36.9,48,46
1849,2,17.88,35.76,48,18
1850,2,20.13,40.26,48,39
1851,1,18.53,18.53,48,49
1852,1,23.61,23.61,48,58
1853,3,18.96,56.88,48,47
1854,3,8.05,24.15,48,29
1855,4,18.12,72.48,48,24
1856,4,16.68,66.72,48,38
1857,3,9.5,28.5,48,34
1858,4,17.1,68.4,48,41
1859,2,12.42,24.84,48,27
1860,2,8.37,16.74,48,54
1861,4,15.74,62.96,48,12
1862,4,19.39,77.56,48,2
1863,3,7.11,21.33,48,9
1864,3,3.24,9.72,48,60
1865,4,21.22,84.88,48,8
1866,2,7.95,15.9,48,53
1867,1,13.12,13.12,48,32
1868,4,17.2,68.8,48,31
1869,3,11.69,35.07,48,23
1870,3,3.51,10.53,48,36
1871,4,19.17,76.68,48,3
1872,3,19.22,57.66,48,7
1873,2,9.51,19.02,48,57
1874,3,24.17,72.51,48,13
1875,1,21.12,21.12,48,4
1876,1,9.66,9.66,48,20
1877,2,18.74,37.48,48,25
1878,3,23.62,70.86,48,16
1879,3,12.96,38.88,48,33
1880,4,6.47,25.88,49,1
1881,2,8.15,16.3,49,50
1882,1,9.07,9.07,49,28
1883,2,8.6,17.2,49,52
1884,2,20.43,40.86,49,19
1885,3,20.13,60.39,49,39
1886,1,17.42,17.42,49,15
1887,4,8.46,33.84,49,51
1888,4,3.24,12.96,49,60
1889,3,3.51,10.53,49,36
1890,4,18.12,72.48,49,24
1891,2,24.17,48.34,49,13
1892,3,12.42,37.26,49,27
1893,1,7.95,7.95,49,53
1894,2,23.61,47.22,49,58
1895,1,20.49,20.49,49,26
1896,1,23.62,23.62,49,16
1897,2,17.94,35.88,49,11
1898,1,14.51,14.51,49,42
1899,3,18.74,56.22,49,25
1900,3,17.1,51.3,49,41
1901,2,8.37,16.74,49,54
1902,4,15.41,61.64,49,17
1903,1,6.77,6.77,49,6
1904,2,18.45,36.9,49,46
1905,1,9.77,9.77,49,44
1906,2,9.5,19.0,49,34
1907,1,17.88,17.88,49,18
1908,4,8.18,32.72,49,56
1909,2,3.12,6.24,49,21
1910,3,20.82,62.46,49,59
1911,4,12.96,51.84,49,33
1912,3,8.71,26.13,49,45
1913,4,7.11,28.44,49,9
1914,4,8.37,33.48,50,54
1915,3,18.53,55.59,50,49
1916,3,14.75,44.25,50,10
1917,2,21.12,42.24,50,4
1918,1,17.88,17.88,50,18
1919,1,8.15,8.15,50,50
1920,3,20.49,61.47,50,26
1921,4,19.1,76.4,50,5
1922,3,14.56,43.68,50,35
1923,2,17.2,34.4,50,31
1924,3,15.74,47.22,50,12
1925,1,24.17,24.17,50,13
1926,2,15.41,30.82,50,17
1927,1,18.74,18.74,50,25
1928,2,6.47,12.94,50,1
1929,4,21.22,84.88,50,8
1930,3,23.62,70.86,50,16
1931,1,18.96,18.96,50,47
1932,2,8.05,16.1,50,29
1933,3,9.77,29.31,50,44
1934,1,19.17,19.17,50,3
1935,4,20.82,83.28,50,59
1936,2,19.14,38.28,50,30
1937,1,19.22,19.22,50,7
1938,1,9.5,9.5,50,34
1939,4,2.1,8.4,50,14
1940,2,8.46,16.92,50,51
1941,1,9.77,9.77,51,44
1942,4,6.71,26.84,51,40
1943,4,21.47,85.88,51,22
1944,3,18.53,55.59,51,49
1945,4,17.1,68.4,51,41
1946,2,21.12,42.24,51,4
1947,2,3.91,7.82,51,55
1948,3,11.69,35.07,51,23
1949,3,14.51,43.53,51,42
1950,4,14.75,59.0,51,10
1951,3,8.71,26.13,51,45
1952,2,14.56,29.12,51,35
1953,1,19.22,19.22,51,7
1954,2,7.11,14.22,51,9
1955,4,13.12,52.48,51,32
1956,3,17.42,52.26,51,15
1957,3,3.12,9.36,51,21
1958,3,3.51,10.53,51,36
1959,4,8.6,34.4,51,52
1960,1,7.95,7.95,51,53
1961,4,8.05,32.2,51,29
1962,2,24.17,48.34,51,13
1963,1,19.39,19.39,51,2
1964,3,18.74,56.22,51,25
1965,2,8.18,16.36,51,56
1966,3,18.96,56.88,51,47
1967,1,15.41,15.41,51,17
1968,3,3.51,10.53,52,36
1969,1,14.75,14.75,52,10
1970,1,6.71,6.71,52,40
1971,3,20.43,61.29,52,19
1972,1,3.12,3.12,52,21
1973,2,12.42,24.84,52,27
1974,1,14.51,14.51,52,42
1975,1,8.18,8.18,52,56
1976,2,21.22,42.44,52,8
1977,4,19.22,76.88,52,7
1978,2,9.5,19.0,52,34
1979,2,24.92,49.84,52,43
1980,2,19.1,38.2,52,5
1981,2,19.17,38.34,52,3
1982,4,7.11,28.44,52,9
1983,1,15.74,15.74,52,12
1984,3,18.96,56.88,52,47
1985,4,24.17,96.68,52,13
1986,4,8.46,33.84,52,51
1987,1,13.12,13.12,52,32
1988,2,18.53,37.06,52,49
1989,2,8.37,16.74,52,54
1990,4,9.77,39.08,52,44
1991,3,14.55,43.65,52,37
1992,2,18.74,37.48,52,25
1993,4,17.1,68.4,52,41
1994,3,8.15,24.45,52,50
1995,3,15.41,46.23,52,17
1996,3,21.12,63.36,52,4
1997,3,8.71,26.13,52,45
1998,4,8.6,34.4,52,52
1999,4,9.66,38.64,52,20
2000,3,11.69,35.07,52,23
2001,2,16.68,33.36,52,38
2002,2,6.47,12.94,52,1
2003,4,20.13,80.52,52,39
2004,3,7.95,23.85,52,53
2005,3,23.62,70.86,52,16
2006,4,3.91,15.64,52,55
2007,4,17.42,69.68,52,15
2008,4,19.39,77.56,52,2
2009,1,17.2,17.2,52,31
2010,1,17.88,17.88,52,18
2011,3,2.1,6.3,52,14
2012,1,9.51,9.51,52,57
2013,2,23.61,47.22,52,58
2014,3,9.07,27.21,52,28
2015,1,20.49,20.49,52,26
2016,3,20.82,62.46,52,59
2017,1,7.95,7.95,53,53
2018,2,8.71,17.42,53,45
2019,1,3.24,3.24,53,60
2020,4,17.88,71.52,53,18
2021,1,3.51,3.51,53,36
2022,3,12.96,38.88,53,33
2023,1,8.18,8.18,53,56
2024,3,14.55,43.65,53,37
2025,2,23.61,47.22,53,58
2026,3,14.75,44.25,53,10
2027,2,19.22,38.44,53,7
2028,2,19.17,38.34,53,3
2029,1,19.14,19.14,53,30
2030,4,11.69,46.76,53,23
2031,4,8.46,33.84,53,51
2032,1,7.11,7.11,53,9
2033,2,15.41,30.82,53,17
2034,4,18.12,72.48,53,24
2035,3,16.68,50.04,53,38
2036,4,23.62,94.48,53,16
2037,2,17.42,34.84,53,15
2038,2,9.77,19.54,53,44
2039,3,9.66,28.98,53,20
2040,1,6.77,6.77,53,6
2041,4,20.49,81.96,53,26
2042,1,2.1,2.1,53,14
2043,4,19.1,76.4,53,5
2044,3,3.12,9.36,53,21
2045,1,17.2,17.2,53,31
2046,4,8.6,34.4,53,52
2047,4,17.1,68.4,53,41
2048,2,12.42,24.84,53,27
2049,2,18.96,37.92,53,47
2050,4,9.07,36.28,53,28
2051,2,20.43,40.86,53,19
2052,4,21.12,84.48,53,4
2053,4,14.51,58.04,53,42
2054,2,3.91,7.82,53,55
2055,2,18.45,36.9,53,46
2056,2,19.39,38.78,53,2
2057,1,8.37,8.37,53,54
2058,3,24.17,72.51,53,13
2059,4,18.53,74.12,53,49
2060,3,8.05,24.15,53,29
2061,1,17.94,17.94,53,11
2062,1,13.12,13.12,53,32
2063,4,14.56,58.24,53,35
2064,4,8.15,32.6,53,50
2065,3,24.92,74.76,53,43
2066,1,8.15,8.15,54,50
2067,3,9.66,28.98,54,20
2068,4,17.94,71.76,54,11
2069,4,11.69,46.76,54,23
2070,1,6.71,6.71,54,40
2071,3,7.95,23.85,54,53
2072,2,8.6,17.2,54,52
2073,2,8.05,16.1,54,29
2074,2,8.18,16.36,54,56
2075,3,14.75,44.25,54,10
2076,4,3.91,15.64,54,55
2077,2,19.17,38.34,54,3
2078,1,17.42,17.42,54,15
2079,4,24.17,96.68,54,13
2080,1,9.77,9.77,54,44
2081,3,18.12,54.36,54,24
2082,2,8.46,16.92,54,51
2083,1,6.77,6.77,54,6
2084,3,21.22,63.66,54,8
2085,2,21.12,42.24,54,4
2086,3,23.62,70.86,54,16
2087,1,18.45,18.45,54,46
2088,4,20.43,81.72,54,19
2089,1,6.47,6.47,54,1
2090,1,21.47,21.47,54,22
2091,4,19.39,77.56,55,2
2092,2,20.43,40.86,55,19
2093,1,8.18,8.18,55,56
2094,3,9.51,28.53,55,57
2095,3,14.51,43.53,55,42
2096,3,18.74,56.22,55,25
2097,3,17.42,52.26,55,15
2098,2,3.91,7.82,55,55
2099,3,12.96,38.88,55,33
2100,1,18.45,18.45,55,46
2101,3,19.22,57.66,55,7
2102,4,3.12,12.48,55,21
2103,1,13.12,13.12,55,32
2104,3,20.13,60.39,55,39
2105,2,14.56,29.12,55,35
2106,2,6.77,13.54,55,6
2107,3,15.74,47.22,55,12
2108,4,24.17,96.68,55,13
2109,2,8.6,17.2,55,52
2110,1,19.14,19.14,55,30
2111,4,3.51,14.04,55,36
2112,2,3.24,6.48,55,60
2113,4,19.17,76.68,55,3
2114,2,23.62,47.24,55,16
2115,2,9.5,19.0,55,34
2116,4,9.66,38.64,55,20
2117,3,21.47,64.41,55,22
2118,3,6.59,19.77,55,48
2119,2,14.56,29.12,56,35
2120,2,9.77,19.54,56,44
2121,1,8.6,8.6,56,52
2122,3,24.17,72.51,56,13
2123,1,8.18,8.18,56,56
2124,4,7.11,28.44,56,9
2125,2,9.66,19.32,56,20
2126,4,8.71,34.84,56,45
2127,3,18.45,55.35,56,46
2128,2,9.5,19.0,56,34
2129,4,3.91,15.64,56,55
2130,4,9.07,36.28,56,28
2131,4,14.75,59.0,56,10
2132,2,14.51,29.02,56,42
2133,2,14.55,29.1,56,37
2134,2,17.94,35.88,56,11
2135,2,3.12,6.24,56,21
2136,1,19.1,19.1,56,5
2137,4,3.51,14.04,56,36
2138,1,3.24,3.24,56,60
2139,3,21.22,63.66,56,8
2140,4,15.74,62.96,56,12
2141,2,20.82,41.64,56,59
2142,2,6.59,13.18,56,48
2143,2,19.39,38.78,56,2
2144,1,16.68,16.68,56,38
2145,2,12.42,24.84,56,27
2146,4,8.46,33.84,56,51
2147,4,8.37,33.48,56,54
2148,3,17.42,52.26,56,15
2149,4,18.12,72.48,56,24
2150,2,12.96,25.92,56,33
2151,4,17.1,68.4,56,41
2152,4,19.14,76.56,56,30
2153,1,8.15,8.15,56,50
2154,4,24.92,99.68,56,43
2155,3,19.22,57.66,56,7
2156,4,21.12,84.48,56,4
2157,1,18.74,18.74,56,25
2158,1,6.77,6.77,56,6
2159,4,6.47,25.88,56,1
2160,4,20.49,81.96,56,26
2161,1,6.71,6.71,56,40
2162,1,18.74,18.74,57,25
2163,1,9.5,9.5,57,34
2164,1,18.53,18.53,57,49
2165,4,17.1,68.4,57,41
2166,3,21.12,63.36,57,4
2167,1,24.17,24.17,57,13
2168,4,20.43,81.72,57,19
2169,2,8.05,16.1,57,29
2170,4,20.49,81.96,57,26
2171,4,9.66,38.64,57,20
2172,1,8.15,8.15,57,50
2173,2,8.37,16.74,57,54
2174,3,19.14,57.42,57,30
2175,2,17.94,35.88,57,11
2176,2,9.07,18.14,57,28
2177,2,23.61,47.22,57,58
2178,2,6.71,13.42,57,40
2179,1,8.18,8.18,57,56
2180,4,20.82,83.28,57,59
2181,3,14.75,44.25,57,10
2182,3,6.59,19.77,57,48
2183,4,7.95,31.8,57,53
2184,3,6.77,20.31,57,6
2185,2,12.96,25.92,57,33
2186,1,21.22,21.22,57,8
2187,2,15.74,31.48,57,12
2188,2,7.11,14.22,57,9
2189,1,8.6,8.6,57,52
2190,3,12.42,37.26,57,27
2191,1,18.96,18.96,57,47
2192,4,17.42,69.68,57,15
2193,4,6.47,25.88,57,1
2194,4,16.68,66.72,57,38
2195,1,9.77,9.77,57,44
2196,4,8.71,34.84,57,45
2197,2,11.69,23.38,57,23
2198,2,19.22,38.44,57,7
2199,4,13.12,52.48,57,32
2200,4,19.17,76.68,57,3
2201,4,14.51,58.04,57,42
2202,4,17.2,68.8,57,31
2203,1,18.45,18.45,57,46
2204,1,17.1,17.1,58,41
2205,3,3.51,10.53,58,36
2206,3,7.95,23.85,58,53
2207,4,23.61,94.44,58,58
2208,2,2.1,4.2,58,14
2209,2,21.12,42.24,58,4
2210,1,15.74,15.74,58,12
2211,1,14.75,14.75,58,10
2212,1,3.91,3.91,58,55
2213,4,14.51,58.04,58,42
2214,3,11.69,35.07,58,23
2215,4,19.17,76.68,58,3
2216,3,9.51,28.53,58,57
2217,3,18.53,55.59,58,49
2218,3,24.92,74.76,58,43
2219,2,14.55,29.1,58,37
2220,4,20.13,80.52,58,39
2221,4,9.66,38.64,58,20
2222,4,21.47,85.88,58,22
2223,2,6.77,13.54,58,6
2224,2,8.6,17.2,58,52
2225,3,19.22,57.66,58,7
2226,2,12.42,24.84,58,27
2227,1,8.37,8.37,58,54
2228,1,17.94,17.94,58,11
2229,1,20.43,20.43,58,19
2230,4,8.71,34.84,58,45
2231,1,19.14,19.14,58,30
2232,2,18.12,36.24,58,24
2233,4,12.96,51.84,58,33
2234,4,19.39,77.56,58,2
2235,1,18.96,18.96,58,47
2236,3,18.74,56.22,58,25
2237,3,6.59,19.77,58,48
2238,2,20.82,41.64,58,59
2239,1,9.5,9.5,58,34
2240,2,24.17,48.34,58,13
2241,3,8.05,24.15,58,29
2242,3,8.18,24.54,58,56
2243,1,17.88,17.88,58,18
2244,3,8.15,24.45,58,50
2245,3,16.68,50.04,58,38
2246,3,23.62,70.86,58,16
2247,1,19.1,19.1,58,5
2248,1,19.39,19.39,59,2
2249,3,8.37,25.11,59,54
2250,3,15.74,47.22,59,12
2251,1,24.17,24.17,59,13
2252,3,21.47,64.41,59,22
2253,4,20.82,83.28,59,59
2254,1,8.18,8.18,59,56
2255,4,9.77,39.08,59,44
2256,2,17.2,34.4,59,31
2257,3,8.6,25.8,59,52
2258,4,19.17,76.68,59,3
2259,3,14.51,43.53,59,42
2260,2,7.11,14.22,59,9
2261,3,8.46,25.38,59,51
2262,2,14.75,29.5,59,10
2263,1,17.1,17.1,59,41
2264,3,19.14,57.42,59,30
2265,1,14.56,14.56,59,35
2266,2,3.91,7.82,59,55
2267,1,7.95,7.95,59,53
2268,4,12.42,49.68,59,27
2269,1,21.12,21.12,59,4
2270,4,9.5,38.0,59,34
2271,2,9.66,19.32,59,20
2272,2,3.12,6.24,59,21
2273,3,24.92,74.76,59,43
2274,4,3.24,12.96,59,60
2275,3,2.1,6.3,59,14
2276,3,18.53,55.59,59,49
2277,2,20.49,40.98,59,26
2278,1,8.71,8.71,59,45
2279,2,8.05,16.1,59,29
2280,2,18.96,37.92,59,47
2281,1,23.61,23.61,59,58
2282,4,8.15,32.6,59,50
2283,4,19.1,76.4,59,5
2284,1,6.59,6.59,59,48
2285,1,6.47,6.47,59,1
2286,3,17.94,53.82,59,11
2287,1,9.51,9.51,59,57
2288,1,17.88,17.88,59,18
2289,3,6.77,20.31,59,6
2290,4,3.51,14.04,59,36
2291,1,20.43,20.43,59,19
2292,3,14.55,43.65,60,37
2293,3,18.53,55.59,60,49
2294,3,9.66,28.98,60,20
2295,2,17.1,34.2,60,41
2296,3,2.1,6.3,60,14
2297,2,3.12,6.24,60,21
2298,2,24.17,48.34,60,13
2299,1,8.37,8.37,60,54
2300,3,20.43,61.29,60,19
2301,3,17.88,53.64,60,18
2302,4,14.56,58.24,60,35
2303,1,3.91,3.91,60,55
2304,2,8.05,16.1,60,29
2305,1,24.92,24.92,60,43
2306,4,21.22,84.88,60,8
2307,1,8.46,8.46,60,51
2308,1,14.75,14.75,60,10
2309,4,17.94,71.76,60,11
2310,1,8.71,8.71,60,45
2311,1,18.45,18.45,60,46
2312,4,6.47,25.88,60,1
2313,4,3.51,14.04,60,36
2314,2,12.96,25.92,60,33
2315,4,19.22,76.88,60,7
2316,3,8.18,24.54,60,56
2317,1,14.56,14.56,61,35
2318,3,6.77,20.31,61,6
2319,4,18.53,74.12,61,49
2320,4,23.61,94.44,61,58
2321,4,19.14,76.56,61,30
2322,2,14.55,29.1,61,37
2323,2,7.11,14.22,61,9
2324,2,20.82,41.64,61,59
2325,4,8.6,34.4,61,52
2326,4,8.71,34.84,61,45
2327,1,8.18,8.18,61,56
2328,3,19.22,57.66,61,7
2329,2,8.15,16.3,61,50
2330,4,9.66,38.64,61,20
2331,4,9.77,39.08,61,44
2332,3,14.51,43.53,61,42
2333,2,6.59,13.18,61,48
2334,2,17.2,34.4,61,31
2335,1,17.42,17.42,61,15
2336,4,8.46,33.84,61,51
2337,1,14.75,14.75,61,10
2338,4,15.41,61.64,61,17
2339,3,18.12,54.36,61,24
2340,1,20.49,20.49,61,26
2341,4,15.74,62.96,61,12
2342,2,21.47,42.94,61,22
2343,3,3.12,9.36,61,21
2344,4,18.45,73.8,61,46
2345,1,13.12,13.12,61,32
2346,1,6.47,6.47,61,1
2347,4,19.17,76.68,61,3
2348,3,23.62,70.86,61,16
2349,4,21.12,84.48,61,4
2350,1,3.51,3.51,61,36
2351,1,8.05,8.05,61,29
2352,2,17.1,34.2,61,41
2353,2,7.95,15.9,61,53
2354,1,6.71,6.71,61,40
2355,2,12.42,24.84,61,27
2356,2,18.96,37.92,61,47
2357,4,20.43,81.72,61,19
2358,3,19.1,57.3,61,5
2359,4,20.13,80.52,61,39
2360,4,9.07,36.28,61,28
2361,2,24.17,48.34,61,13
2362,2,2.1,4.2,61,14
2363,3,3.24,9.72,61,60
2364,3,3.91,11.73,61,55
2365,3,19.39,58.17,61,2
2366,4,16.68,66.72,61,38
2367,3,3.91,11.73,62,55
2368,2,7.11,14.22,62,9
2369,2,3.24,6.48,62,60
2370,1,20.43,20.43,62,19
2371,1,21.12,21.12,62,4
2372,1,18.12,18.12,62,24
2373,2,3.51,7.02,62,36
2374,4,8.18,32.72,62,56
2375,4,6.47,25.88,62,1
2376,2,18.45,36.9,62,46
2377,1,8.37,8.37,62,54
2378,2,11.69,23.38,62,23
2379,4,21.22,84.88,62,8
2380,4,9.51,38.04,62,57
2381,4,19.39,77.56,62,2
2382,2,23.62,47.24,62,16
2383,4,9.07,36.28,62,28
2384,4,16.68,66.72,62,38
2385,4,20.49,81.96,62,26
2386,4,17.1,68.4,62,41
2387,3,3.12,9.36,62,21
2388,2,18.74,37.48,62,25
2389,2,14.51,29.02,62,42
2390,4,20.13,80.52,62,39
2391,1,9.77,9.77,62,44
2392,4,14.56,58.24,62,35
2393,2,2.1,4.2,62,14
2394,3,15.74,47.22,62,12
2395,4,17.2,68.8,62,31
2396,3,19.1,57.3,62,5
2397,1,19.22,19.22,62,7
2398,1,17.88,17.88,62,18
2399,4,24.17,96.68,62,13
2400,3,12.42,37.26,62,27
2401,1,12.96,12.96,62,33
2402,4,9.5,38.0,62,34
2403,1,13.12,13.12,62,32
2404,3,9.5,28.5,63,34
2405,1,6.77,6.77,63,6
2406,4,3.24,12.96,63,60
2407,2,9.51,19.02,63,57
2408,1,6.71,6.71,63,40
2409,3,20.82,62.46,63,59
2410,1,23.62,23.62,63,16
2411,3,17.2,51.6,63,31
2412,4,17.1,68.4,63,41
2413,1,6.59,6.59,63,48
2414,2,24.92,49.84,63,43
2415,1,8.15,8.15,63,50
2416,3,19.1,57.3,63,5
2417,3,9.77,29.31,63,44
2418,2,8.6,17.2,63,52
2419,3,14.56,43.68,63,35
2420,3,16.68,50.04,63,38
2421,3,9.66,28.98,63,20
2422,1,8.18,8.18,63,56
2423,1,21.12,21.12,63,4
2424,2,21.47,42.94,63,22
2425,2,8.71,17.42,63,45
2426,4,6.47,25.88,63,1
2427,3,7.95,23.85,63,53
2428,2,19.14,38.28,63,30
2429,3,12.96,38.88,63,33
2430,2,14.55,29.1,63,37
2431,4,14.51,58.04,63,42
2432,2,12.42,24.84,63,27
2433,1,15.74,15.74,63,12
2434,3,20.49,61.47,63,26
2435,1,14.75,14.75,63,10
2436,2,8.05,16.1,63,29
2437,2,3.91,7.82,63,55
2438,4,19.39,77.56,63,2
2439,4,11.69,46.76,63,23
2440,4,18.53,74.12,63,49
2441,2,9.07,18.14,63,28
2442,4,20.43,81.72,63,19
2443,2,15.41,30.82,64,17
2444,3,18.53,55.59,64,49
2445,2,7.95,15.9,64,53
2446,3,21.22,63.66,64,8
2447,1,21.12,21.12,64,4
2448,1,17.94,17.94,64,11
2449,1,19.14,19.14,64,30
2450,1,20.49,20.49,64,26
2451,4,17.2,68.8,64,31
2452,1,9.66,9.66,64,20
2453,1,8.6,8.6,64,52
2454,4,6.59,26.36,64,48
2455,3,14.56,43.68,64,35
2456,2,17.42,34.84,64,15
2457,3,18.74,56.22,64,25
2458,3,9.77,29.31,64,44
2459,2,18.45,36.9,64,46
2460,1,8.15,8.15,64,50
2461,1,3.24,3.24,64,60
2462,1,14.75,14.75,64,10
2463,1,9.5,9.5,64,34
2464,2,9.07,18.14,64,28
2465,1,6.47,6.47,64,1
2466,1,20.43,20.43,64,19
2467,1,8.05,8.05,64,29
2468,2,8.71,17.42,64,45
2469,4,3.12,12.48,64,21
2470,2,19.17,38.34,64,3
2471,1,19.22,19.22,64,7
2472,2,8.37,16.74,64,54
2473,3,17.88,53.64,64,18
2474,3,6.71,20.13,64,40
2475,4,15.74,62.96,64,12
2476,1,2.1,2.1,64,14
2477,4,8.46,33.84,64,51
2478,3,3.51,10.53,64,36
2479,4,7.11,28.44,64,9
2480,3,3.91,11.73,64,55
2481,3,18.12,54.36,64,24
2482,2,21.47,42.94,64,22
2483,1,8.18,8.18,64,56
2484,3,20.82,62.46,64,59
2485,1,24.17,24.17,64,13
2486,4,18.96,75.84,64,47
2487,4,9.51,38.04,64,57
2488,1,19.1,19.1,65,5
2489,4,13.12,52.48,65,32
2490,4,24.17,96.68,65,13
2491,4,6.71,26.84,65,40
2492,4,20.49,81.96,65,26
2493,1,15.74,15.74,65,12
2494,2,14.51,29.02,65,42
2495,1,20.82,20.82,65,59
2496,4,19.22,76.88,65,7
2497,4,14.75,59.0,65,10
2498,1,14.56,14.56,65,35
2499,3,9.07,27.21,65,28
2500,3,2.1,6.3,65,14
2501,3,9.51,28.53,65,57
2502,4,8.37,33.48,65,54
2503,1,8.6,8.6,65,52
2504,1,8.05,8.05,65,29
2505,3,15.41,46.23,65,17
2506,3,8.71,26.13,65,45
2507,1,19.17,19.17,65,3
2508,4,3.24,12.96,65,60
2509,3,18.96,56.88,65,47
2510,2,14.55,29.1,65,37
2511,2,24.92,49.84,65,43
2512,1,9.77,9.77,65,44
2513,4,19.39,77.56,65,2
2514,2,7.95,15.9,65,53
2515,3,8.46,25.38,65,51
2516,4,6.47,25.88,65,1
2517,1,19.14,19.14,65,30
2518,3,8.15,24.45,65,50
2519,4,21.47,85.88,65,22
2520,1,23.61,23.61,65,58
2521,4,7.11,28.44,65,9
2522,2,20.13,40.26,65,39
2523,2,11.69,23.38,65,23
2524,1,17.94,17.94,65,11
2525,2,18.53,37.06,65,49
2526,1,20.43,20.43,65,19
2527,1,9.66,9.66,66,20
2528,1,13.12,13.12,66,32
2529,1,14.56,14.56,66,35
2530,4,8.37,33.48,66,54
2531,2,8.6,17.2,66,52
2532,1,8.05,8.05,66,29
2533,2,19.39,38.78,66,2
2534,4,19.17,76.68,66,3
2535,3,21.47,64.41,66,22
2536,4,21.12,84.48,66,4
2537,3,8.18,24.54,66,56
2538,1,18.96,18.96,66,47
2539,2,7.95,15.9,66,53
2540,3,20.49,61.47,66,26
2541,2,21.22,42.44,66,8
2542,1,2.1,2.1,66,14
2543,2,14.51,29.02,66,42
2544,3,24.92,74.76,66,43
2545,1,9.5,9.5,66,34
2546,1,19.14,19.14,66,30
2547,3,23.61,70.83,66,58
2548,2,14.75,29.5,66,10
2549,4,16.68,66.72,66,38
2550,2,17.42,34.84,66,15
2551,3,19.1,57.3,66,5
2552,2,6.59,13.18,66,48
2553,4,20.13,80.52,66,39
2554,2,20.82,41.64,66,59
2555,1,9.51,9.51,66,57
2556,2,23.62,47.24,66,16
2557,1,17.1,17.1,66,41
2558,4,3.24,12.96,66,60
2559,2,12.96,25.92,66,33
2560,1,18.45,18.45,66,46
2561,4,11.69,46.76,66,23
2562,1,3.12,3.12,66,21
2563,1,3.51,3.51,66,36
2564,1,6.47,6.47,66,1
2565,2,6.77,13.54,66,6
2566,1,18.74,18.74,66,25
2567,3,9.07,27.21,66,28
2568,4,9.77,39.08,66,44
2569,4,8.46,33.84,66,51
2570,2,14.55,29.1,66,37
2571,2,8.15,16.3,66,50
2572,2,15.74,31.48,67,12
2573,4,6.71,26.84,67,40
2574,4,8.71,34.84,67,45
2575,2,19.17,38.34,67,3
2576,2,20.13,40.26,67,39
2577,1,3.24,3.24,67,60
2578,1,18.45,18.45,67,46
2579,3,13.12,39.36,67,32
2580,3,20.82,62.46,67,59
2581,2,6.77,13.54,67,6
2582,4,17.1,68.4,67,41
2583,3,9.66,28.98,67,20
2584,3,11.69,35.07,67,23
2585,4,12.42,49.68,67,27
2586,1,6.47,6.47,67,1
2587,1,3.51,3.51,67,36
2588,1,23.62,23.62,67,16
2589,2,24.17,48.34,67,13
2590,2,21.22,42.44,67,8
2591,1,9.5,9.5,67,34
2592,4,19.22,76.88,67,7
2593,1,18.12,18.12,67,24
2594,1,14.56,14.56,67,35
2595,2,12.96,25.92,67,33
2596,4,17.42,69.68,67,15
2597,3,19.14,57.42,67,30
2598,4,2.1,8.4,67,14
2599,2,17.88,35.76,67,18
2600,3,21.12,63.36,67,4
2601,2,8.6,17.2,67,52
2602,1,7.95,7.95,67,53
2603,3,20.49,61.47,67,26
2604,3,23.61,70.83,68,58
2605,2,17.42,34.84,68,15
2606,2,19.1,38.2,68,5
2607,2,17.2,34.4,68,31
2608,1,16.68,16.68,68,38
2609,4,13.12,52.48,68,32
2610,4,21.12,84.48,68,4
2611,2,9.07,18.14,68,28
2612,4,14.75,59.0,68,10
2613,4,2.1,8.4,68,14
2614,3,6.71,20.13,68,40
2615,1,19.14,19.14,68,30
2616,4,15.74,62.96,68,12
2617,2,18.74,37.48,68,25
2618,2,18.12,36.24,68,24
2619,3,7.11,21.33,68,9
2620,4,18.53,74.12,68,49
2621,2,24.17,48.34,68,13
2622,2,17.1,34.2,68,41
2623,1,11.69,11.69,68,23
2624,4,17.88,71.52,68,18
2625,1,24.92,24.92,68,43
2626,1,21.47,21.47,68,22
2627,4,8.71,34.84,68,45
2628,1,19.17,19.17,68,3
2629,4,8.37,33.48,68,54
2630,4,8.15,32.6,68,50
2631,4,14.55,58.2,68,37
2632,1,21.22,21.22,68,8
2633,4,7.95,31.8,68,53
2634,4,20.82,83.28,68,59
2635,2,9.77,19.54,68,44
2636,1,8.46,8.46,68,51
2637,1,6.77,6.77,68,6
2638,4,18.96,75.84,68,47
2639,2,17.94,35.88,68,11
2640,2,3.91,7.82,68,55
2641,3,24.92,74.76,69,43
2642,1,9.66,9.66,69,20
2643,1,17.94,17.94,69,11
2644,4,18.45,73.8,69,46
2645,3,19.14,57.42,69,30
2646,4,3.91,15.64,69,55
2647,1,14.55,14.55,69,37
2648,3,6.59,19.77,69,48
2649,3,16.68,50.04,69,38
2650,2,19.39,38.78,69,2
2651,1,8.18,8.18,69,56
2652,2,8.15,16.3,69,50
2653,2,7.11,14.22,69,9
2654,3,9.51,28.53,69,57
2655,2,20.49,40.98,69,26
2656,1,15.74,15.74,69,12
2657,4,18.12,72.48,69,24
2658,2,17.1,34.2,69,41
2659,2,18.53,37.06,69,49
2660,3,3.24,9.72,69,60
2661,3,6.47,19.41,69,1
2662,3,19.1,57.3,69,5
2663,4,18.74,74.96,69,25
2664,3,21.47,64.41,69,22
2665,1,9.5,9.5,69,34
2666,1,19.17,19.17,69,3
2667,3,20.43,61.29,69,19
2668,3,9.07,27.21,69,28
2669,4,17.88,71.52,69,18
2670,4,11.69,46.76,69,23
2671,1,20.82,20.82,69,59
2672,4,13.12,52.48,69,32
2673,3,3.51,10.53,69,36
2674,4,18.96,75.84,69,47
2675,3,19.22,57.66,69,7
2676,1,8.37,8.37,69,54
2677,2,14.56,29.12,69,35
2678,4,14.51,58.04,69,42
2679,1,23.61,23.61,69,58
2680,1,8.46,8.46,69,51
2681,3,17.88,53.64,70,18
2682,4,21.22,84.88,70,8
2683,4,8.71,34.84,70,45
2684,4,14.75,59.0,70,10
2685,3,13.12,39.36,70,32
2686,2,9.51,19.02,70,57
2687,3,2.1,6.3,70,14
2688,2,9.5,19.0,70,34
2689,3,17.1,51.3,70,41
2690,2,19.39,38.78,70,2
2691,4,20.43,81.72,70,19
2692,3,12.42,37.26,70,27
2693,3,9.77,29.31,70,44
2694,1,14.56,14.56,70,35
2695,2,7.11,14.22,70,9
2696,3,17.2,51.6,70,31
2697,3,11.69,35.07,70,23
2698,4,18.53,74.12,70,49
2699,2,8.05,16.1,70,29
2700,2,8.46,16.92,70,51
2701,3,8.15,24.45,70,50
2702,2,24.17,48.34,70,13
2703,2,19.1,38.2,70,5
2704,2,8.6,17.2,70,52
2705,2,17.42,34.84,70,15
2706,2,7.95,15.9,70,53
2707,1,21.47,21.47,70,22
2708,1,24.92,24.92,70,43
2709,3,18.96,56.88,70,47
2710,2,3.12,6.24,70,21
2711,2,19.17,38.34,71,3
2712,2,24.92,49.84,71,43
2713,3,3.12,9.36,71,21
2714,2,11.69,23.38,71,23
2715,1,14.75,14.75,71,10
2716,1,18.12,18.12,71,24
2717,4,8.05,32.2,71,29
2718,1,14.56,14.56,71,35
2719,4,17.94,71.76,71,11
2720,2,7.95,15.9,71,53
2721,4,9.66,38.64,71,20
2722,3,21.22,63.66,71,8
2723,1,19.39,19.39,71,2
2724,3,20.49,61.47,71,26
2725,4,13.12,52.48,71,32
2726,2,8.18,16.36,71,56
2727,4,19.14,76.56,71,30
2728,3,23.61,70.83,71,58
2729,4,8.71,34.84,71,45
2730,3,6.47,19.41,71,1
2731,1,8.46,8.46,71,51
2732,3,12.96,38.88,71,33
2733,3,21.47,64.41,71,22
2734,3,20.43,61.29,71,19
2735,3,17.2,51.6,71,31
2736,4,14.55,58.2,71,37
2737,1,14.51,14.51,71,42
2738,2,8.37,16.74,71,54
2739,4,16.68,66.72,71,38
2740,4,9.51,38.04,71,57
2741,4,21.12,84.48,71,4
2742,3,3.91,11.73,71,55
2743,2,23.62,47.24,71,16
2744,4,6.59,26.36,71,48
2745,4,19.1,76.4,71,5
2746,2,18.45,36.9,71,46
2747,1,17.88,17.88,71,18
2748,2,9.77,19.54,71,44
2749,2,9.5,19.0,71,34
2750,3,17.1,51.3,71,41
2751,4,24.17,96.68,71,13
2752,3,18.53,55.59,71,49
2753,1,17.42,17.42,71,15
2754,4,15.74,62.96,71,12
2755,1,3.24,3.24,71,60
2756,1,6.77,6.77,71,6
2757,4,20.82,83.28,71,59
2758,1,20.82,20.82,72,59
2759,3,7.11,21.33,72,9
2760,2,24.17,48.34,72,13
2761,1,15.74,15.74,72,12
2762,2,8.37,16.74,72,54
2763,3,18.74,56.22,72,25
2764,4,20.43,81.72,72,19
2765,2,3.51,7.02,72,36
2766,3,13.12,39.36,72,32
2767,2,19.17,38.34,72,3
2768,1,9.66,9.66,72,20
2769,3,16.68,50.04,72,38
2770,3,8.15,24.45,72,50
2771,4,8.6,34.4,72,52
2772,3,7.95,23.85,72,53
2773,1,19.14,19.14,72,30
2774,3,17.42,52.26,72,15
2775,3,19.39,58.17,72,2
2776,1,6.47,6.47,72,1
2777,2,14.75,29.5,72,10
2778,2,15.41,30.82,72,17
2779,1,6.59,6.59,72,48
2780,2,17.2,34.4,72,31
2781,3,21.22,63.66,72,8
2782,3,8.18,24.54,72,56
2783,3,12.42,37.26,72,27
2784,3,9.51,28.53,72,57
2785,3,18.96,56.88,72,47
2786,1,23.62,23.62,72,16
2787,3,14.51,43.53,72,42
2788,2,21.12,42.24,72,4
2789,1,3.91,3.91,72,55
2790,2,3.24,6.48,72,60
2791,3,12.96,38.88,72,33
2792,3,8.46,25.38,72,51
2793,4,20.13,80.52,72,39
2794,4,18.12,72.48,72,24
2795,3,9.5,28.5,72,34
2796,2,18.45,36.9,72,46
2797,1,14.56,14.56,72,35
2798,2,21.47,42.94,72,22
2799,2,2.1,4.2,72,14
2800,2,9.07,18.14,72,28
2801,2,3.12,6.24,72,21
2802,1,8.71,8.71,72,45
2803,4,6.77,27.08,72,6
2804,4,17.88,71.52,72,18
2805,1,11.69,11.69,72,23
2806,1,17.1,17.1,72,41
2807,1,7.11,7.11,73,9
2808,4,7.95,31.8,73,53
2809,1,8.05,8.05,73,29
2810,3,9.51,28.53,73,57
2811,1,20.13,20.13,73,39
2812,1,9.5,9.5,73,34
2813,3,18.53,55.59,73,49
2814,1,21.47,21.47,73,22
2815,1,15.74,15.74,73,12
2816,1,18.45,18.45,73,46
2817,2,9.66,19.32,73,20
2818,2,19.39,38.78,73,2
2819,2,6.59,13.18,73,48
2820,3,21.22,63.66,73,8
2821,1,17.42,17.42,73,15
2822,1,3.24,3.24,73,60
2823,2,14.75,29.5,73,10
2824,3,8.46,25.38,73,51
2825,3,8.15,24.45,73,50
2826,3,8.71,26.13,73,45
2827,2,2.1,4.2,73,14
2828,2,17.1,34.2,73,41
2829,1,6.77,6.77,73,6
2830,1,9.07,9.07,73,28
2831,1,18.96,18.96,73,47
2832,2,19.1,38.2,73,5
2833,2,8.37,16.74,73,54
2834,3,17.2,51.6,73,31
2835,2,14.55,29.1,73,37
2836,1,3.91,3.91,73,55
2837,1,19.22,19.22,73,7
2838,2,21.12,42.24,73,4
2839,4,12.96,51.84,73,33
2840,3,20.49,61.47,73,26
2841,2,20.82,41.64,73,59
2842,4,15.41,61.64,73,17
2843,2,12.96,25.92,74,33
2844,1,17.42,17.42,74,15
2845,4,12.42,49.68,74,27
2846,3,21.22,63.66,74,8
2847,2,18.53,37.06,74,49
2848,1,3.12,3.12,74,21
2849,4,9.51,38.04,74,57
2850,1,19.14,19.14,74,30
2851,4,8.37,33.48,74,54
2852,4,9.5,38.0,74,34
2853,1,7.11,7.11,74,9
2854,1,13.12,13.12,74,32
2855,2,18.12,36.24,74,24
2856,4,18.45,73.8,74,46
2857,4,20.43,81.72,74,19
2858,1,3.51,3.51,74,36
2859,2,19.17,38.34,74,3
2860,1,6.77,6.77,74,6
2861,3,3.91,11.73,74,55
2862,2,8.18,16.36,74,56
2863,3,8.6,25.8,74,52
2864,2,18.74,37.48,74,25
2865,4,18.96,75.84,74,47
2866,1,7.95,7.95,74,53
2867,2,9.66,19.32,74,20
2868,4,8.05,32.2,74,29
2869,4,20.82,83.28,74,59
2870,3,23.61,70.83,74,58
2871,3,16.68,50.04,74,38
2872,4,9.07,36.28,74,28
2873,3,2.1,6.3,74,14
2874,1,17.88,17.88,75,18
2875,4,14.75,59.0,75,10
2876,1,8.15,8.15,75,50
2877,4,19.14,76.56,75,30
2878,4,19.22,76.88,75,7
2879,3,21.22,63.66,75,8
2880,4,15.41,61.64,75,17
2881,4,13.12,52.48,75,32
2882,4,7.95,31.8,75,53
2883,1,17.42,17.42,75,15
2884,1,17.1,17.1,75,41
2885,2,7.11,14.22,75,9
2886,3,19.39,58.17,75,2
2887,2,8.18,16.36,75,56
2888,4,21.12,84.48,75,4
2889,4,19.1,76.4,75,5
2890,2,8.6,17.2,75,52
2891,3,6.59,19.77,75,48
2892,4,15.74,62.96,75,12
2893,4,18.74,74.96,75,25
2894,1,20.13,20.13,75,39
2895,4,3.12,12.48,75,21
2896,4,20.82,83.28,75,59
2897,4,9.66,38.64,75,20
2898,2,18.96,37.92,75,47
2899,1,8.71,8.71,75,45
2900,4,9.5,38.0,75,34
2901,3,9.77,29.31,75,44
2902,4,9.51,38.04,75,57
2903,4,3.51,14.04,75,36
2904,3,16.68,50.04,75,38
2905,3,21.47,64.41,75,22
2906,3,23.62,70.86,75,16
2907,1,9.07,9.07,75,28
2908,1,8.37,8.37,75,54
2909,1,18.53,18.53,75,49
2910,2,3.24,6.48,75,60
2911,3,17.94,53.82,75,11
2912,3,18.12,54.36,75,24
2913,1,8.05,8.05,75,29
2914,3,6.47,19.41,75,1
2915,1,21.12,21.12,76,4
2916,2,24.92,49.84,76,43
2917,3,23.62,70.86,76,16
2918,4,23.61,94.44,76,58
2919,3,9.51,28.53,76,57
2920,2,14.51,29.02,76,42
2921,3,9.66,28.98,76,20
2922,3,16.68,50.04,76,38
2923,4,6.77,27.08,76,6
2924,2,8.71,17.42,76,45
2925,4,19.1,76.4,76,5
2926,1,8.37,8.37,76,54
2927,2,21.22,42.44,76,8
2928,3,21.47,64.41,76,22
2929,3,17.94,53.82,76,11
2930,1,19.39,19.39,76,2
2931,3,14.56,43.68,76,35
2932,4,3.12,12.48,76,21
2933,2,19.17,38.34,76,3
2934,1,19.14,19.14,76,30
2935,1,9.07,9.07,76,28
2936,3,14.55,43.65,76,37
2937,3,12.96,38.88,76,33
2938,1,12.42,12.42,76,27
2939,4,17.88,71.52,76,18
2940,4,8.46,33.84,76,51
2941,2,17.2,34.4,76,31
2942,3,9.77,29.31,76,44
2943,1,20.82,20.82,76,59
2944,3,24.17,72.51,76,13
2945,3,20.43,61.29,76,19
2946,4,9.5,38.0,76,34
2947,3,18.45,55.35,76,46
2948,2,17.1,34.2,76,41
2949,4,3.24,12.96,76,60
2950,4,8.18,32.72,76,56
2951,3,9.51,28.53,77,57
2952,1,19.39,19.39,77,2
2953,2,17.1,34.2,77,41
2954,4,18.45,73.8,77,46
2955,3,9.5,28.5,77,34
2956,3,15.74,47.22,77,12
2957,2,14.55,29.1,77,37
2958,3,13.12,39.36,77,32
2959,2,2.1,4.2,77,14
2960,4,24.92,99.68,77,43
2961,2,6.59,13.18,77,48
2962,1,19.14,19.14,77,30
2963,2,17.88,35.76,77,18
2964,2,23.61,47.22,77,58
2965,1,14.56,14.56,77,35
2966,2,6.71,13.42,77,40
2967,3,9.07,27.21,77,28
2968,4,8.37,33.48,77,54
2969,4,18.96,75.84,77,47
2970,4,21.12,84.48,77,4
2971,4,8.18,32.72,77,56
2972,1,24.17,24.17,77,13
2973,2,18.12,36.24,77,24
2974,2,18.53,37.06,77,49
2975,3,14.75,44.25,77,10
2976,2,23.62,47.24,77,16
2977,1,3.51,3.51,77,36
2978,3,9.66,28.98,77,20
2979,3,9.77,29.31,77,44
2980,2,8.6,17.2,77,52
2981,3,3.12,9.36,78,21
2982,4,20.13,80.52,78,39
2983,2,9.66,19.32,78,20
2984,4,8.18,32.72,78,56
2985,2,19.1,38.2,78,5
2986,2,12.42,24.84,78,27
2987,1,18.12,18.12,78,24
2988,2,24.92,49.84,78,43
2989,2,7.95,15.9,78,53
2990,3,6.77,20.31,78,6
2991,4,20.49,81.96,78,26
2992,4,18.96,75.84,78,47
2993,3,7.11,21.33,78,9
2994,1,23.62,23.62,78,16
2995,4,21.22,84.88,78,8
2996,3,14.55,43.65,78,37
2997,1,12.96,12.96,78,33
2998,3,18.45,55.35,78,46
2999,4,9.5,38.0,78,34
3000,4,16.68,66.72,78,38
3001,2,14.51,29.02,78,42
3002,3,15.41,46.23,78,17
3003,2,13.12,26.24,78,32
3004,3,8.46,25.38,78,51
3005,4,18.53,74.12,78,49
3006,3,8.6,25.8,78,52
3007,3,3.24,9.72,78,60
3008,1,8.37,8.37,79,54
3009,2,6.59,13.18,79,48
3010,3,24.92,74.76,79,43
3011,2,8.6,17.2,79,52
3012,2,21.12,42.24,79,4
3013,4,8.71,34.84,79,45
3014,3,8.46,25.38,79,51
3015,4,23.61,94.44,79,58
3016,1,23.62,23.62,79,16
3017,3,15.41,46.23,79,17
3018,1,3.51,3.51,79,36
3019,4,18.74,74.96,79,25
3020,4,9.66,38.64,79,20
3021,4,17.1,68.4,79,41
3022,3,3.91,11.73,79,55
3023,4,18.12,72.48,79,24
3024,1,9.77,9.77,79,44
3025,2,21.22,42.44,79,8
3026,3,14.56,43.68,79,35
3027,1,9.51,9.51,79,57
3028,3,8.05,24.15,79,29
3029,4,18.53,74.12,79,49
3030,3,6.47,19.41,79,1
3031,4,20.49,81.96,79,26
3032,1,3.24,3.24,79,60
3033,1,20.82,20.82,79,59
3034,2,20.49,40.98,80,26
3035,1,24.17,24.17,80,13
3036,4,17.1,68.4,80,41
3037,3,9.66,28.98,80,20
3038,2,3.12,6.24,80,21
3039,4,14.55,58.2,80,37
3040,4,6.77,27.08,80,6
3041,2,21.22,42.44,80,8
3042,1,17.94,17.94,80,11
3043,1,23.62,23.62,80,16
3044,2,9.5,19.0,80,34
3045,1,18.45,18.45,80,46
3046,4,14.51,58.04,80,42
3047,2,7.11,14.22,80,9
3048,3,20.13,60.39,80,39
3049,2,9.77,19.54,80,44
3050,1,12.42,12.42,80,27
3051,4,8.18,32.72,80,56
3052,4,8.05,32.2,80,29
3053,3,17.2,51.6,80,31
3054,2,18.96,37.92,80,47
3055,1,15.41,15.41,80,17
3056,3,15.74,47.22,80,12
3057,2,24.92,49.84,80,43
3058,1,20.43,20.43,80,19
3059,3,13.12,39.36,81,32
3060,1,21.22,21.22,81,8
3061,1,17.42,17.42,81,15
3062,1,18.45,18.45,81,46
3063,1,2.1,2.1,81,14
3064,3,24.17,72.51,81,13
3065,2,7.95,15.9,81,53
3066,4,8.46,33.84,81,51
3067,3,17.88,53.64,81,18
3068,1,20.43,20.43,81,19
3069,1,6.59,6.59,81,48
3070,3,3.24,9.72,81,60
3071,4,18.74,74.96,81,25
3072,3,7.11,21.33,81,9
3073,4,9.07,36.28,81,28
3074,3,8.18,24.54,81,56
3075,2,20.13,40.26,81,39
3076,1,8.71,8.71,81,45
3077,2,8.37,16.74,81,54
3078,3,3.91,11.73,81,55
3079,2,12.42,24.84,81,27
3080,4,15.74,62.96,81,12
3081,3,6.71,20.13,81,40
3082,4,14.75,59.0,81,10
3083,2,19.39,38.78,81,2
3084,1,14.51,14.51,81,42
3085,3,15.41,46.23,81,17
3086,4,23.62,94.48,81,16
3087,2,8.05,16.1,81,29
3088,3,19.14,57.42,81,30
3089,1,20.82,20.82,81,59
3090,3,9.77,29.31,81,44
3091,1,14.56,14.56,81,35
3092,2,21.47,42.94,81,22
3093,4,3.12,12.48,81,21
3094,3,23.61,70.83,81,58
3095,3,19.17,57.51,81,3
3096,4,6.47,25.88,81,1
3097,3,12.96,38.88,81,33
3098,3,19.1,57.3,81,5
3099,3,17.94,53.82,81,11
3100,3,17.1,51.3,81,41
3101,4,19.22,76.88,81,7
3102,2,9.51,19.02,81,57
3103,3,24.92,74.76,81,43
3104,4,18.53,74.12,81,49
3105,4,8.6,34.4,82,52
3106,1,8.05,8.05,82,29
3107,2,21.12,42.24,82,4
3108,4,24.17,96.68,82,13
3109,1,14.75,14.75,82,10
3110,3,23.61,70.83,82,58
3111,1,17.42,17.42,82,15
3112,3,15.74,47.22,82,12
3113,1,19.17,19.17,82,3
3114,4,17.2,68.8,82,31
3115,3,15.41,46.23,82,17
3116,1,17.94,17.94,82,11
3117,3,18.45,55.35,82,46
3118,2,19.14,38.28,82,30
3119,1,9.07,9.07,82,28
3120,1,21.22,21.22,82,8
3121,4,13.12,52.48,82,32
3122,4,3.24,12.96,82,60
3123,4,20.82,83.28,82,59
3124,3,11.69,35.07,82,23
3125,1,3.51,3.51,82,36
3126,3,9.77,29.31,82,44
3127,1,18.96,18.96,82,47
3128,4,20.13,80.52,82,39
3129,3,8.71,26.13,82,45
3130,2,8.18,16.36,82,56
3131,2,6.71,13.42,82,40
3132,1,17.1,17.1,82,41
3133,3,6.77,20.31,82,6
3134,3,19.22,57.66,82,7
3135,1,6.59,6.59,82,48
3136,1,14.56,14.56,82,35
3137,4,14.55,58.2,82,37
3138,1,12.42,12.42,82,27
3139,4,16.68,66.72,82,38
3140,3,18.12,54.36,82,24
3141,2,8.15,16.3,82,50
3142,2,7.11,14.22,82,9
3143,4,20.43,81.72,82,19
3144,1,21.47,21.47,82,22
3145,1,8.46,8.46,82,51
3146,2,3.12,6.24,82,21
3147,2,6.47,12.94,82,1
3148,4,18.74,74.96,82,25
3149,4,20.49,81.96,82,26
3150,4,9.66,38.64,83,20
3151,1,13.12,13.12,83,32
3152,1,8.6,8.6,83,52
3153,3,9.07,27.21,83,28
3154,4,6.59,26.36,83,48
3155,2,23.61,47.22,83,58
3156,2,3.24,6.48,83,60
3157,4,9.77,39.08,83,44
3158,1,20.13,20.13,83,39
3159,3,7.11,21.33,83,9
3160,4,11.69,46.76,83,23
3161,4,24.92,99.68,83,43
3162,1,19.22,19.22,83,7
3163,4,18.12,72.48,83,24
3164,3,12.96,38.88,83,33
3165,2,24.17,48.34,83,13
3166,2,20.82,41.64,83,59
3167,3,8.05,24.15,83,29
3168,2,18.74,37.48,83,25
3169,4,17.2,68.8,83,31
3170,3,17.88,53.64,83,18
3171,1,14.55,14.55,83,37
3172,1,9.51,9.51,83,57
3173,1,6.77,6.77,83,6
3174,1,16.68,16.68,83,38
3175,4,18.96,75.84,83,47
3176,4,15.74,62.96,83,12
3177,1,3.51,3.51,83,36
3178,4,16.68,66.72,84,38
3179,1,6.77,6.77,84,6
3180,1,8.15,8.15,84,50
3181,2,12.96,25.92,84,33
3182,4,19.39,77.56,84,2
3183,4,21.22,84.88,84,8
3184,4,6.59,26.36,84,48
3185,4,24.92,99.68,84,43
3186,3,19.14,57.42,84,30
3187,3,15.74,47.22,84,12
3188,4,8.46,33.84,84,51
3189,3,20.49,61.47,84,26
3190,1,19.17,19.17,84,3
3191,2,20.82,41.64,84,59
3192,2,12.42,24.84,84,27
3193,1,9.66,9.66,84,20
3194,2,3.12,6.24,84,21
3195,1,3.24,3.24,84,60
3196,1,8.6,8.6,84,52
3197,2,8.05,16.1,84,29
3198,1,6.71,6.71,84,40
3199,2,15.41,30.82,84,17
3200,4,21.47,85.88,84,22
3201,2,23.61,47.22,84,58
3202,2,2.1,4.2,84,14
3203,4,14.55,58.2,84,37
3204,2,18.96,37.92,84,47
3205,1,20.13,20.13,84,39
3206,3,19.22,57.66,84,7
3207,4,3.51,14.04,84,36
3208,2,17.88,35.76,84,18
3209,4,6.47,25.88,84,1
3210,4,17.1,68.4,84,41
3211,3,13.12,39.36,85,32
3212,4,17.2,68.8,85,31
3213,4,19.39,77.56,85,2
3214,1,8.18,8.18,85,56
3215,4,8.05,32.2,85,29
3216,3,16.68,50.04,85,38
3217,4,23.62,94.48,85,16
3218,4,24.17,96.68,85,13
3219,1,20.43,20.43,85,19
3220,2,14.55,29.1,85,37
3221,3,20.49,61.47,85,26
3222,2,21.12,42.24,85,4
3223,4,21.47,85.88,85,22
3224,3,6.47,19.41,85,1
3225,4,19.22,76.88,85,7
3226,2,17.1,34.2,85,41
3227,2,9.07,18.14,85,28
3228,3,12.42,37.26,85,27
3229,4,3.24,12.96,85,60
3230,2,3.91,7.82,85,55
3231,3,20.13,60.39,85,39
3232,4,3.51,14.04,85,36
3233,4,8.6,34.4,85,52
3234,3,19.17,57.51,85,3
3235,4,14.51,58.04,85,42
3236,2,8.15,16.3,85,50
3237,2,6.71,13.42,85,40
3238,3,12.96,38.88,85,33
3239,1,9.5,9.5,85,34
3240,4,21.22,84.88,85,8
3241,2,11.69,23.38,85,23
3242,2,23.61,47.22,85,58
3243,2,15.41,30.82,85,17
3244,2,18.96,37.92,85,47
3245,4,2.1,8.4,85,14
3246,1,8.71,8.71,85,45
3247,4,17.94,71.76,85,11
3248,4,17.88,71.52,85,18
3249,3,8.46,25.38,85,51
3250,1,11.69,11.69,86,23
3251,1,9.77,9.77,86,44
3252,1,17.94,17.94,86,11
3253,1,15.74,15.74,86,12
3254,1,7.95,7.95,86,53
3255,2,12.96,25.92,86,33
3256,1,19.17,19.17,86,3
3257,2,8.6,17.2,86,52
3258,3,19.1,57.3,86,5
3259,2,21.47,42.94,86,22
3260,3,9.07,27.21,86,28
3261,4,21.22,84.88,86,8
3262,4,6.71,26.84,86,40
3263,1,17.42,17.42,86,15
3264,2,18.53,37.06,86,49
3265,3,3.51,10.53,86,36
3266,3,18.96,56.88,86,47
3267,2,13.12,26.24,86,32
3268,1,15.41,15.41,86,17
3269,2,8.46,16.92,86,51
3270,4,3.24,12.96,86,60
3271,4,8.37,33.48,86,54
3272,1,8.71,8.71,86,45
3273,2,17.88,35.76,86,18
3274,4,14.75,59.0,86,10
3275,3,3.91,11.73,86,55
3276,3,19.22,57.66,86,7
3277,2,21.12,42.24,86,4
3278,1,8.05,8.05,86,29
3279,3,20.49,61.47,86,26
3280,3,20.82,62.46,86,59
3281,4,12.42,49.68,86,27
3282,3,18.74,56.22,86,25
3283,4,17.42,69.68,87,15
3284,3,7.11,21.33,87,9
3285,4,8.6,34.4,87,52
3286,2,9.07,18.14,87,28
3287,3,12.42,37.26,87,27
3288,1,8.18,8.18,87,56
3289,1,19.14,19.14,87,30
3290,3,9.5,28.5,87,34
3291,4,8.46,33.84,87,51
3292,2,9.77,19.54,87,44
3293,3,18.12,54.36,87,24
3294,2,19.39,38.78,87,2
3295,1,8.05,8.05,87,29
3296,3,14.75,44.25,87,10
3297,3,6.47,19.41,87,1
3298,2,7.95,15.9,87,53
3299,1,19.1,19.1,87,5
3300,1,6.77,6.77,87,6
3301,3,21.47,64.41,87,22
3302,2,3.12,6.24,87,21
3303,3,20.49,61.47,87,26
3304,4,17.94,71.76,87,11
3305,1,9.51,9.51,87,57
3306,1,21.12,21.12,87,4
3307,3,6.71,20.13,87,40
3308,3,19.17,57.51,87,3
3309,3,18.96,56.88,87,47
3310,1,14.55,14.55,87,37
3311,1,20.43,20.43,87,19
3312,1,2.1,2.1,87,14
3313,4,24.17,96.68,87,13
3314,3,6.59,19.77,87,48
3315,1,14.51,14.51,87,42
3316,4,11.69,46.76,87,23
3317,3,17.88,53.64,87,18
3318,2,8.71,17.42,87,45
3319,2,8.15,16.3,87,50
3320,3,20.13,60.39,87,39
3321,3,15.74,47.22,87,12
3322,3,18.45,55.35,87,46
3323,2,20.82,41.64,87,59
3324,4,15.41,61.64,87,17
3325,2,23.61,47.22,87,58
3326,1,8.37,8.37,87,54
3327,3,3.24,9.72,87,60
3328,2,3.91,7.82,87,55
3329,3,12.96,38.88,87,33
3330,4,9.66,38.64,87,20
3331,1,18.74,18.74,87,25
3332,2,16.68,33.36,87,38
3333,2,17.2,34.4,88,31
3334,4,2.1,8.4,88,14
3335,4,8.05,32.2,88,29
3336,1,19.1,19.1,88,5
3337,2,18.12,36.24,88,24
3338,3,9.77,29.31,88,44
3339,1,9.5,9.5,88,34
3340,4,20.49,81.96,88,26
3341,1,16.68,16.68,88,38
3342,1,3.51,3.51,88,36
3343,3,8.37,25.11,88,54
3344,3,7.95,23.85,88,53
3345,1,15.41,15.41,88,17
3346,2,8.6,17.2,88,52
3347,1,13.12,13.12,88,32
3348,3,17.1,51.3,88,41
3349,3,9.07,27.21,88,28
3350,3,23.61,70.83,88,58
3351,3,18.45,55.35,88,46
3352,3,12.42,37.26,88,27
3353,4,17.94,71.76,88,11
3354,1,14.75,14.75,88,10
3355,2,12.96,25.92,88,33
3356,2,7.11,14.22,88,9
3357,4,14.51,58.04,88,42
3358,1,19.14,19.14,88,30
3359,3,14.55,43.65,88,37
3360,3,18.96,56.88,88,47
3361,2,21.22,42.44,88,8
3362,1,19.1,19.1,89,5
3363,2,8.18,16.36,89,56
3364,1,19.17,19.17,89,3
3365,3,12.42,37.26,89,27
3366,1,17.2,17.2,89,31
3367,1,14.55,14.55,89,37
3368,2,9.66,19.32,89,20
3369,1,3.91,3.91,89,55
3370,2,8.05,16.1,89,29
3371,4,21.47,85.88,89,22
3372,1,18.74,18.74,89,25
3373,1,20.82,20.82,89,59
3374,2,18.96,37.92,89,47
3375,1,20.13,20.13,89,39
3376,3,7.11,21.33,89,9
3377,2,18.45,36.9,89,46
3378,2,12.96,25.92,89,33
3379,4,17.1,68.4,89,41
3380,1,19.14,19.14,89,30
3381,3,8.6,25.8,89,52
3382,4,24.92,99.68,89,43
3383,1,14.75,14.75,89,10
3384,4,3.12,12.48,89,21
3385,1,6.77,6.77,89,6
3386,3,9.51,28.53,89,57
3387,4,8.15,32.6,89,50
3388,2,17.42,34.84,89,15
3389,4,20.49,81.96,89,26
3390,1,8.46,8.46,89,51
3391,3,17.88,53.64,89,18
3392,4,19.39,77.56,89,2
3393,3,13.12,39.36,89,32
3394,1,9.5,9.5,89,34
3395,1,18.12,18.12,89,24
3396,1,8.71,8.71,89,45
3397,2,16.68,33.36,89,38
3398,1,9.66,9.66,90,20
3399,3,12.42,37.26,90,27
3400,1,9.77,9.77,90,44
3401,3,17.94,53.82,90,11
3402,4,21.12,84.48,90,4
3403,4,6.71,26.84,90,40
3404,1,3.12,3.12,90,21
3405,4,15.74,62.96,90,12
3406,1,19.39,19.39,90,2
3407,4,18.45,73.8,90,46
3408,2,8.18,16.36,90,56
3409,1,3.24,3.24,90,60
3410,3,18.74,56.22,90,25
3411,1,19.22,19.22,90,7
3412,2,8.37,16.74,90,54
3413,2,14.75,29.5,90,10
3414,3,20.82,62.46,90,59
3415,4,8.46,33.84,90,51
3416,4,15.41,61.64,90,17
3417,1,6.59,6.59,90,48
3418,2,21.22,42.44,90,8
3419,2,8.15,16.3,90,50
3420,3,24.17,72.51,90,13
3421,2,23.62,47.24,90,16
3422,2,14.55,29.1,90,37
3423,4,13.12,52.48,90,32
3424,4,12.96,51.84,90,33
3425,1,9.5,9.5,90,34
3426,1,17.1,17.1,90,41
3427,4,3.24,12.96,91,60
3428,2,20.82,41.64,91,59
3429,3,17.2,51.6,91,31
3430,3,17.88,53.64,91,18
3431,3,20.13,60.39,91,39
3432,4,15.41,61.64,91,17
3433,3,8.37,25.11,91,54
3434,2,9.77,19.54,91,44
3435,3,18.74,56.22,91,25
3436,3,11.69,35.07,91,23
3437,2,17.1,34.2,91,41
3438,4,2.1,8.4,91,14
3439,3,16.68,50.04,91,38
3440,1,12.96,12.96,91,33
3441,2,20.43,40.86,91,19
3442,1,19.17,19.17,91,3
3443,4,17.94,71.76,91,11
3444,1,14.56,14.56,91,35
3445,1,14.55,14.55,91,37
3446,2,19.1,38.2,91,5
3447,4,9.66,38.64,91,20
3448,4,6.77,27.08,91,6
3449,4,20.49,81.96,91,26
3450,1,21.22,21.22,91,8
3451,1,7.11,7.11,91,9
3452,1,9.51,9.51,91,57
3453,4,18.74,74.96,92,25
3454,1,15.74,15.74,92,12
3455,3,8.37,25.11,92,54
3456,4,8.15,32.6,92,50
3457,2,8.6,17.2,92,52
3458,2,8.71,17.42,92,45
3459,2,6.47,12.94,92,1
3460,1,21.22,21.22,92,8
3461,2,19.14,38.28,92,30
3462,1,18.12,18.12,92,24
3463,2,24.17,48.34,92,13
3464,3,8.05,24.15,92,29
3465,2,23.61,47.22,92,58
3466,3,17.42,52.26,92,15
3467,2,19.39,38.78,92,2
3468,1,17.88,17.88,92,18
3469,3,9.77,29.31,92,44
3470,4,11.69,46.76,92,23
3471,1,9.51,9.51,92,57
3472,4,6.77,27.08,92,6
3473,1,6.71,6.71,92,40
3474,3,9.66,28.98,92,20
3475,4,18.96,75.84,92,47
3476,4,16.68,66.72,92,38
3477,3,13.12,39.36,92,32
3478,1,8.46,8.46,92,51
3479,4,19.17,76.68,92,3
3480,4,3.91,15.64,92,55
3481,3,3.51,10.53,92,36
3482,1,18.53,18.53,92,49
3483,2,24.92,49.84,92,43
3484,1,8.18,8.18,92,56
3485,3,20.13,60.39,92,39
3486,4,19.22,76.88,92,7
3487,4,6.59,26.36,92,48
3488,3,12.42,37.26,92,27
3489,1,19.39,19.39,93,2
3490,4,6.59,26.36,93,48
3491,1,17.42,17.42,93,15
3492,3,8.71,26.13,93,45
3493,4,9.07,36.28,93,28
3494,1,19.1,19.1,93,5
3495,1,23.62,23.62,93,16
3496,1,24.17,24.17,93,13
3497,1,17.94,17.94,93,11
3498,3,21.47,64.41,93,22
3499,4,9.66,38.64,93,20
3500,4,3.91,15.64,93,55
3501,1,17.1,17.1,93,41
3502,4,20.82,83.28,93,59
3503,2,19.22,38.44,93,7
3504,1,3.24,3.24,93,60
3505,4,17.2,68.8,93,31
3506,4,8.18,32.72,93,56
3507,4,9.51,38.04,93,57
3508,4,16.68,66.72,93,38
3509,1,8.46,8.46,93,51
3510,3,15.41,46.23,93,17
3511,1,8.37,8.37,93,54
3512,4,18.45,73.8,93,46
3513,3,9.77,29.31,93,44
3514,2,18.96,37.92,93,47
3515,1,6.71,6.71,93,40
3516,1,21.12,21.12,93,4
3517,1,9.5,9.5,93,34
3518,1,20.13,20.13,93,39
3519,2,20.49,40.98,93,26
3520,2,21.22,42.44,93,8
3521,3,19.17,57.51,93,3
3522,3,18.74,56.22,93,25
3523,4,8.15,32.6,93,50
3524,4,19.14,76.56,93,30
3525,4,23.61,94.44,93,58
3526,2,12.96,25.92,93,33
3527,2,3.12,6.24,93,21
3528,2,18.12,36.24,93,24
3529,1,20.43,20.43,93,19
3530,1,11.69,11.69,93,23
3531,2,24.92,49.84,93,43
3532,3,14.51,43.53,93,42
3533,4,3.51,14.04,93,36
3534,3,14.55,43.65,93,37
3535,3,6.77,20.31,93,6
3536,2,15.74,31.48,93,12
3537,2,14.56,29.12,93,35
3538,4,17.88,71.52,93,18
3539,2,16.68,33.36,94,38
3540,2,24.92,49.84,94,43
3541,4,9.77,39.08,94,44
3542,3,14.75,44.25,94,10
3543,4,21.12,84.48,94,4
3544,2,23.62,47.24,94,16
3545,4,12.96,51.84,94,33
3546,2,7.95,15.9,94,53
3547,1,3.51,3.51,94,36
3548,3,8.18,24.54,94,56
3549,1,9.07,9.07,94,28
3550,1,11.69,11.69,94,23
3551,3,24.17,72.51,94,13
3552,1,6.59,6.59,94,48
3553,1,17.1,17.1,94,41
3554,2,18.96,37.92,94,47
3555,3,19.1,57.3,94,5
3556,4,21.47,85.88,94,22
3557,2,8.71,17.42,94,45
3558,3,17.2,51.6,94,31
3559,1,19.14,19.14,94,30
3560,1,20.13,20.13,94,39
3561,2,20.82,41.64,94,59
3562,2,14.55,29.1,94,37
3563,3,3.24,9.72,94,60
3564,2,9.66,19.32,94,20
3565,2,12.42,24.84,94,27
3566,3,8.6,25.8,94,52
3567,2,17.94,35.88,94,11
3568,3,8.46,25.38,94,51
3569,2,17.42,34.84,94,15
3570,2,8.05,16.1,94,29
3571,2,20.49,40.98,94,26
3572,1,19.39,19.39,94,2
3573,2,3.91,7.82,94,55
3574,3,21.22,63.66,94,8
3575,1,6.47,6.47,94,1
3576,1,3.12,3.12,94,21
3577,2,18.74,37.48,94,25
3578,4,8.37,33.48,94,54
3579,1,6.71,6.71,94,40
3580,4,18.12,72.48,95,24
3581,4,24.92,99.68,95,43
3582,2,17.94,35.88,95,11
3583,3,9.5,28.5,95,34
3584,3,8.6,25.8,95,52
3585,4,6.71,26.84,95,40
3586,4,9.07,36.28,95,28
3587,4,18.45,73.8,95,46
3588,3,19.1,57.3,95,5
3589,4,21.22,84.88,95,8
3590,1,14.75,14.75,95,10
3591,2,7.11,14.22,95,9
3592,2,24.17,48.34,95,13
3593,2,6.59,13.18,95,48
3594,4,14.56,58.24,95,35
3595,2,18.74,37.48,95,25
3596,4,3.24,12.96,95,60
3597,2,3.12,6.24,95,21
3598,3,20.13,60.39,95,39
3599,4,8.37,33.48,95,54
3600,4,23.62,94.48,95,16
3601,2,19.17,38.34,95,3
3602,3,16.68,50.04,95,38
3603,3,18.96,56.88,95,47
3604,1,7.95,7.95,95,53
3605,2,20.43,40.86,95,19
3606,1,8.15,8.15,95,50
3607,3,20.82,62.46,95,59
3608,4,3.91,15.64,95,55
3609,3,19.39,58.17,95,2
3610,2,12.96,25.92,95,33
3611,1,20.49,20.49,95,26
3612,4,18.53,74.12,95,49
3613,3,8.18,24.54,95,56
3614,4,15.41,61.64,95,17
3615,4,3.51,14.04,95,36
3616,4,13.12,52.48,95,32
3617,4,19.22,76.88,95,7
3618,4,14.51,58.04,95,42
3619,3,9.77,29.31,95,44
3620,4,9.66,38.64,95,20
3621,3,21.47,64.41,95,22
3622,3,6.77,20.31,95,6
3623,4,8.05,32.2,95,29
3624,1,14.55,14.55,95,37
3625,2,19.14,38.28,95,30
3626,4,23.61,94.44,95,58
3627,2,17.42,34.84,95,15
3628,3,17.1,51.3,95,41
3629,1,17.88,17.88,95,18
3630,2,14.51,29.02,96,42
3631,2,6.77,13.54,96,6
3632,4,8.46,33.84,96,51
3633,2,17.88,35.76,96,18
3634,4,17.42,69.68,96,15
3635,4,19.22,76.88,96,7
3636,3,21.22,63.66,96,8
3637,1,19.1,19.1,96,5
3638,3,18.12,54.36,96,24
3639,2,19.17,38.34,96,3
3640,4,14.56,58.24,96,35
3641,4,24.17,96.68,96,13
3642,2,21.47,42.94,96,22
3643,4,18.53,74.12,96,49
3644,4,9.77,39.08,96,44
3645,1,6.59,6.59,96,48
3646,3,15.41,46.23,96,17
3647,2,9.66,19.32,96,20
3648,2,9.51,19.02,96,57
3649,3,18.96,56.88,96,47
3650,1,20.13,20.13,96,39
3651,4,7.11,28.44,96,9
3652,3,8.15,24.45,96,50
3653,3,18.45,55.35,96,46
3654,2,6.47,12.94,96,1
3655,4,24.92,99.68,96,43
3656,4,20.43,81.72,96,19
3657,4,11.69,46.76,96,23
3658,3,20.49,61.47,96,26
3659,3,17.2,51.6,96,31
3660,1,17.1,17.1,96,41
3661,1,12.42,12.42,96,27
3662,2,9.5,19.0,96,34
3663,2,18.74,37.48,96,25
3664,3,3.12,9.36,96,21
3665,4,3.51,14.04,96,36
3666,4,23.62,94.48,96,16
3667,2,13.12,26.24,96,32
3668,4,14.55,58.2,96,37
3669,1,7.95,7.95,96,53
3670,4,19.14,76.56,96,30
3671,2,8.37,16.74,96,54
3672,1,6.77,6.77,97,6
3673,2,17.94,35.88,97,11
3674,4,19.22,76.88,97,7
3675,4,9.77,39.08,97,44
3676,1,3.51,3.51,97,36
3677,4,15.74,62.96,97,12
3678,2,19.17,38.34,97,3
3679,2,7.95,15.9,97,53
3680,2,8.71,17.42,97,45
3681,3,20.13,60.39,97,39
3682,4,13.12,52.48,97,32
3683,4,19.39,77.56,97,2
3684,2,3.91,7.82,97,55
3685,3,24.17,72.51,97,13
3686,2,19.1,38.2,97,5
3687,4,18.74,74.96,97,25
3688,3,20.43,61.29,97,19
3689,2,2.1,4.2,97,14
3690,1,17.42,17.42,97,15
3691,2,9.51,19.02,97,57
3692,4,9.5,38.0,97,34
3693,1,18.45,18.45,97,46
3694,4,19.14,76.56,97,30
3695,2,21.12,42.24,97,4
3696,3,18.12,54.36,97,24
3697,4,6.71,26.84,97,40
3698,4,6.47,25.88,97,1
3699,4,20.82,83.28,97,59
3700,1,3.12,3.12,97,21
3701,1,9.07,9.07,97,28
3702,3,16.68,50.04,97,38
3703,4,24.92,99.68,97,43
3704,3,18.96,56.88,97,47
3705,3,3.24,9.72,97,60
3706,3,15.74,47.22,98,12
3707,4,23.61,94.44,98,58
3708,4,6.71,26.84,98,40
3709,2,18.96,37.92,98,47
3710,3,9.07,27.21,98,28
3711,2,19.14,38.28,98,30
3712,1,18.74,18.74,98,25
3713,4,24.92,99.68,98,43
3714,1,3.24,3.24,98,60
3715,1,8.71,8.71,98,45
3716,4,14.55,58.2,98,37
3717,4,19.22,76.88,98,7
3718,3,20.49,61.47,98,26
3719,4,8.46,33.84,98,51
3720,2,19.17,38.34,98,3
3721,4,23.62,94.48,98,16
3722,1,17.94,17.94,98,11
3723,1,17.88,17.88,98,18
3724,3,17.1,51.3,98,41
3725,1,14.56,14.56,98,35
3726,2,20.43,40.86,98,19
3727,3,19.1,57.3,98,5
3728,4,2.1,8.4,98,14
3729,4,13.12,52.48,98,32
3730,4,12.42,49.68,98,27
3731,1,21.22,21.22,98,8
3732,1,18.12,18.12,98,24
3733,2,20.13,40.26,98,39
3734,4,18.53,74.12,98,49
3735,2,15.41,30.82,98,17
3736,4,8.37,33.48,98,54
3737,3,3.91,11.73,98,55
3738,4,20.43,81.72,99,19
3739,2,21.22,42.44,99,8
3740,2,14.56,29.12,99,35
3741,3,6.59,19.77,99,48
3742,2,20.49,40.98,99,26
3743,2,17.94,35.88,99,11
3744,1,19.1,19.1,99,5
3745,1,24.92,24.92,99,43
3746,4,18.53,74.12,99,49
3747,1,6.47,6.47,99,1
3748,1,9.77,9.77,99,44
3749,3,17.88,53.64,99,18
3750,2,14.75,29.5,99,10
3751,1,8.05,8.05,99,29
3752,2,11.69,23.38,99,23
3753,1,15.74,15.74,99,12
3754,2,2.1,4.2,99,14
3755,2,19.17,38.34,99,3
3756,1,23.61,23.61,99,58
3757,4,8.15,32.6,99,50
3758,1,18.96,18.96,99,47
3759,3,21.12,63.36,99,4
3760,3,9.5,28.5,99,34
3761,2,19.22,38.44,99,7
3762,2,18.74,37.48,99,25
3763,4,9.66,38.64,99,20
3764,4,6.71,26.84,99,40
3765,1,20.13,20.13,99,39
3766,2,8.46,16.92,99,51
3767,2,19.39,38.78,99,2
3768,1,3.12,3.12,100,21
3769,2,6.47,12.94,100,1
3770,1,18.74,18.74,100,25
3771,1,2.1,2.1,100,14
3772,3,19.14,57.42,100,30
3773,2,17.42,34.84,100,15
3774,4,19.1,76.4,100,5
3775,2,24.92,49.84,100,43
3776,1,17.88,17.88,100,18
3777,1,14.51,14.51,100,42
3778,2,6.71,13.42,100,40
3779,3,18.12,54.36,100,24
3780,4,19.17,76.68,100,3
3781,3,8.37,25.11,100,54
3782,2,9.51,19.02,100,57
3783,2,12.42,24.84,100,27
3784,4,9.66,38.64,100,20
3785,2,20.13,40.26,100,39
3786,1,13.12,13.12,100,32
3787,2,19.22,38.44,100,7
3788,4,14.56,58.24,100,35
3789,3,14.55,43.65,100,37
3790,2,17.94,35.88,100,11
3791,3,15.41,46.23,100,17
3792,3,17.1,51.3,100,41
3793,1,3.24,3.24,100,60
3794,4,23.61,94.44,100,58
3795,3,7.11,21.33,100,9
3796,1,21.47,21.47,100,22
3797,2,6.77,13.54,100,6
3798,3,8.15,24.45,100,50
3799,3,9.5,28.5,100,34
3800,2,11.69,23.38,100,23
3801,2,16.68,33.36,100,38
3802,1,8.46,8.46,100,51
3803,2,23.62,47.24,100,16
3804,2,6.59,13.18,100,48
3805,4,8.71,34.84,100,45
3806,3,20.82,62.46,100,59
3807,2,9.77,19.54,100,44
3808,4,20.43,81.72,100,19
3809,1,3.91,3.91,100,55
3810,1,24.17,24.17,100,13
3811,4,7.95,31.8,100,53
3812,1,21.22,21.22,100,8
